Job,Salary,Company,Location
Analista de Datos,"$22,000 - $25,000  Mensual",Urban Science,CDMX
Analista de Data Quality,,Banamex,Ciudad de México
Analista Datos Maestros,,Consultoría Internacional en Servi...,Aguascalientes
Analista de datos,"$10,000 - $13,000  Mensual",Bliss IT Group,N.L.
Analista de datos,"$10,000 - $12,000  Mensual",CENTRO DE TELECOMUNICACIONES Y PUB...,SLP.
Analista de datos,"$11,500 - $12,000  Mensual",PROMOLOGISTICS,CDMX
Analista de datos,,EXITUS CAPITAL SAPI DE CV SOFOM ENR,CDMX
Analista de Datos,,GEPP,Edo. Méx.​
Analista de datos,,"WALDO'S DOLAR MART DE MEXICO, S DE...",Edo. Méx.​
Analista de datos,,"WALDO'S DOLAR MART DE MEXICO, S DE...",CDMX
Analista de datos,,CONSULTORES DE SERVICIOS VARIOS SA...,Yuc.
ANALISTA DE DATOS,,EMBOTELLADORA AGA S.A. DE C.V.,Jal.
Analista de datos,,PLAMI SA DE CV,Edo. Méx.​
Analista de datos,,ASTECI,Ciudad de México
Analista de datos,,SERVICIOS CORPORATIVOS SCOTIA SA D...,Edo. Méx.​
Analista de datos,,RH HABILIDADES INTEGRALES DE PERSO...,BC.
Analista de datos,,AGRICOLA LOS REYES S DE RL DE CV,Jal.
Analista de Datos Senior,,Kelly Services,Ciudad de México
Analista de datos Jr,,BoxerTTL ,Edo. Méx.​
Ingeniero Analista de Datos,,Linde México,N.L.
Analista de datos financieros,,,Jal.
ANALISTA DE DATOS SQL,,Grupo Salinas,CDMX
Auditor analista de datos,"$23,000 - $26,000  Mensual",Grupo Salinas,CDMX
Analista de datos y procesos,,AXA,Ciudad de México
Analista Modelo Datos,,Banregio,Nuevo León
Analista de Datos- Estudiantes,,,CDMX
Analista de datos financieros,,GIOVANI PROPUESTAS Y PROYECTOS ADM...,Ciudad de México
ANALISTA DE DATOS MAESTROS,,LAMOSA,N.L.
Analista de Datos Financieros,,"Manpower, S.A. de C.V.",Ciudad de México
Analista de Datos Sr,,PAE DESARROLLADOR EMPRESARIAL DE L...,Coah.
ANALISTA DE DATOS JR,,Impacto Estratégico Consulting Gro...,Ciudad de México
Investigador y analista de datos,,"Computación, Datos y Tecnología, S...",Edo. Méx.​
Asistente de analista de datos,,SERVICIOS ADDREDE S DE R.L DE C.V.,CDMX
Analista de datos jr,,SERVICIOS COMERCIALES AMAZON MEXIC...,Jal.
Análista de Datos Frubana,,Frubana S.A de C.V,Ciudad de México
Analista de datos maestros,,"Laboratorios Sanfer, S.A.",Edo. Méx.​
Analista de datos tableau,,SERVICIOS FINANCIEROS SORIANA S.A....,N.L.
Analista de Datos Financieros,,"Manpower, S.A. de C.V.",Ciudad de México
Practicante analista de datos,,"INFRA DEL SUR, S.A. DE C.V.",Yuc.
Analista base de datos,,Grupo Salinas,CDMX
Analista base de datos,,SDF CONSULTORIA S.A. DE C.V.,CDMX
Analista base de datos,,Grupo CIE,CDMX
Analista de Datos e Inteligencia de Negocios,,AXA,CDMX
Analista de Datos manejo de R,"$20,000 - $23,000  Mensual",Price Shoes,CDMX
Analista de Datos – Power BI,"$20,000  Mensual",Adecco,Qro.
ANALISTA DE PLANEACIÒN ESTRATÈGICA (Analista de Datos),,CAMPOS TEKNOAGROX SPR DE RL DE CV,Jal.
Analista de base de datos,,PROMOLOGISTICS,CDMX
Analista de base de datos,,"WALDO'S DOLAR MART DE MEXICO, S DE...",CDMX
Analista de base de datos,,"WALDO'S DOLAR MART DE MEXICO, S DE...",Edo. Méx.​
ANALISTA DE BASE DE DATOS,,"Bacher Zoppi, S.A. de C.V.",CDMX
Analista de base de datos,,,N.L.
Analista de bases de datos,,Herramientas Truper,CDMX
Analista de base de datos,,"Manpower, S.A. de C.V.",CDMX
Analista de base de datos,,Hoteles City Express,CDMX
Analista de gobierno de datos,,Grupo Salinas,CDMX
Analista de bases de datos,,"Grupo Mereba, S.A. de C.V.",CDMX
Analista de base de datos,,,BC.
Analista de Visualización de datos,,Grupo Salinas,Ciudad de México
Analista de base de datos,,Grupo Zorro Abarrotero,Edo. Méx.​
Analista de base de datos,,Libertad Servicios Financieros,Qro.
Analista de base de datos,,,Querétaro
Analista de base de datos,,,Jal.
Analista de base de datos,"$10,000 - $12,000  Mensual","MDY Contact Center, S.A. de C.V.",N.L.
Analista de base de datos,"$9,000 - $10,000  Mensual",DISTRIBUIDORA ROCHA TULA PACHUCA S...,CDMX
Analista de base de datos,"$20,000 - $30,000  Mensual",CUATRO NETWORKS S DE RL DE CV,Jal.
Analista de base de datos,"$18,000 - $20,000  Mensual",,CDMX
Analista de base de datos,"$17,000 - $17,700  Mensual",,CDMX
ANALISTA DE MODELADO DE DATOS,,CIELO HUMAN CAPITAL,Ciudad de México
ANALISTA DE GESTIÓN DE DATOS,,,CDMX
Analista de bases de datos,,Banorte,CDMX
ANALISTA DE CIENCIA DE DATOS,,GIOVANI PROPUESTAS Y PROYECTOS ADM...,CDMX
Analista Base de Datos - SQL,,Banorte,N.L.
ANALISTA BASE DE DATOS PRECIOS,,Grupo Bafar,Chihuahua
Analista Bases de Datos SQL,,"Financiera Independencia, S.A.de CV.",CDMX
ANALISTA BASES DE DATOS SQL,,"Multicont, S.A. de C.V.",Edo. Méx.​
Analista Base de Datos SQL,,Banorte,N.L.
ANALISTA DE DATOS / INFORMACIÓN (agencia mercadotecnia),,,CDMX
Analista de Datos Trilingue/ Content Reviewer,,Tech Mahindra,CDMX
Becario Analista de Datos/Inglés Avanzado,,"Eulen México de Servicios, S.A. de...",CDMX
Bussines Intelligence Analyst - Analista de Datos,,ACH FOODS MEXICO S DE RL CV,Ciudad de México
ANALISTA DE DATOS VENTAS INGLES INDISPENSABLE,,Adecco,Estado de México
Analista de base de datos-SQL,,Nichos Sales Force,CDMX
Analista de base de datos y sistemas,,,Ciudad de México
ANALISTA DE BASE DE DATOS SQL,"$17,600 - $17,601  Mensual",Grupo Salinas,CDMX
Analista de base de datos Jr.,"$9,000  Mensual",Nichos Sales Force,CDMX
Analista de Base de datos Financiero,,Resources Global Professionals,Ciudad de México
Analista de control de datos y producción,,PERFETTI VAN MELLE MEXICO SA DE CV,Edo. Méx.​
Analista de Base de Datos Jr,,COLO@ATE SA DE CV,Edo. Méx.​
Analista en bases de datos - SQL,,"Grupo Mereba, S.A. de C.V.",CDMX
Analista de datos y procesos/Lunes-Viernes/Prestaciones,,"Computación, Datos y Tecnología, S...",Edo. Méx.​
Analista de Datos Financieros | Proyecto 6 meses,,"Manpower, S.A. de C.V.",CDMX
Analista Modelador de Datos-Desarrollador SQL,,Consiss,N.L.
Analista MIS - Analista de bases de datos (call center),,"JURÍDICO COLEMART, S.C.",CDMX
"Analista de base de datos, ETL SSIS",,Alia,Ciudad de México
Analista de bases de datos (sql) JR,,"Compartamos Servicios, S.A. de C.V.",Ciudad de México
Becario Analista de Base de Datos Programación,,Adecco,CDMX
Analista de base de datos SQL Server,,Enlaces y Comunicaciones Avanzadas...,CDMX
ANALISTA COMERCIAL-BASES DE DATOS (EXCEL),,"WALDO'S DOLAR MART DE MEXICO, S DE...",Edo. Méx.​
Analista de bases de datos (SAS / SQL),,Banamex,Ciudad de México
Analista de datos manejo de R python vivir cerca de Vallejo,,MARKETING EQUIPMENT MANAGEMENT SA ...,CDMX
Analista de trafico y datos-Work Force Management,,BANCO DEL BAJIO S.A.,Gto.
Analista comercial de base de datos,,"WALDO'S DOLAR MART DE MEXICO, S DE...",CDMX
Analista comercial de base de datos,"$16,000  Mensual","WALDO'S DOLAR MART DE MEXICO, S DE...",Edo. Méx.​
ANALISTA DE ESTADISTICA Y BASES DE DATOS,"$12,400  Mensual",Seguros Pensiones Banorte,CDMX
Analista de información (minería de datos),,Crédito Real,CDMX
Analista Operador de Centro de Datos,,Tecnológico de Monterrey,N.L.
Analista de Inteligencia de Negocio & Gobierno de Datos,,AXA,Ciudad de México
Analista de cuentas/ Bases de datos/ Nuevos proyectos,"$20,000 - $22,000  Mensual","Computación, Datos y Tecnología, S...",Edo. Méx.​
"Analista Oracle, SQL, Excel, Análisi de Datos, PBI, Project)",,"Internacional de Sistemas, S.A. De...",N.L.
Analista de Ventas Bilingüe,,"Balmex, S. de R.L. de C.V.",Edo. Méx.​
Junior Data Analyst,,JUAN CARLOS CEPEDA.,CDMX
Analista de sistemas,,MC1 TECNOLOGIA LTDA,Ciudad de México
ANALISTA BI,,IZZI,CDMX
Analista Financiero,,Consultoría Profesional en Sistemas,Ciudad de México
analista de sistemas Jr.,,Compañía Integra Soluciones,N.L.
Analista Senior de BI,,METCO SA DE CV,CDMX
Analista estadístico Jr./ Lunes a Viernes,,,Edo. Méx.​
Analista de Información Comercial,,CRYSTAL EJECUTIVO S.A. DE C.V,CDMX
Analista de Riesgos,,Siempre Creciendo S.A. de C.V. SOF...,CDMX
Power Bi Home office,,Alia,Edo. Méx.​
Analista Sr. de Información e Indicadores,,PENDULUM S DE RL DE CV,CDMX
ANALISTA SQL SERVER,,Deintec,N.L.
Analista de Inteligencia de Negocios Jr,,SOLUCION Y DINAMISMO GENERAL ADMIN...,México
Analista BI Jr,,SOLUCION Y DINAMISMO GENERAL ADMIN...,México
ANALISTA SQL ORACLE,,Deintec,N.L.
Analista Desarrollador .NET,"$24,000 - $26,000  Mensual","Comercial City Fresko, S. de R.L. ...",CDMX
Analista de información logística,,Grupo Zorro Abarrotero,Edo. Méx.​
Analista Administrativo,,IZZI,CDMX
Analista Programador Microsoft Sr.,,Allware Solutions,N.L.
ANALISTA DE CONTROL OPERATIVO,,Te creemos Administración y Servic...,CDMX
Analista Sistemas Telecomunicaciones,,Grupo Financiero Inbursa,CDMX
Analista de control Operativo - Nuevas Contrataciones,,Te creemos Administración y Servic...,Ciudad de México
Analista de calidad call center,,Santander,Edo. Méx.​
Analista de Crédito y Cobranza,,"INDUSTRIAS COR, S.A. DE C.V",CDMX
ANALISTA DE COMPRAS COL DEL VALLE,,Te creemos Administración y Servic...,CDMX
Analista de Desarrollo Organizacional,,SERVICIOS ESPECIALIZADOS EVEN TELE...,N.L.
ANALISTA DE RIESGOS COL. DEL VALLE,,Te creemos Administración y Servic...,CDMX
ANALISTA DE SEGURIDAD SOCIAL,,,CDMX
Analista Back Office Mercado de Dinero,,"Banco Actinver, S.A, Institución d...",CDMX
Analista de Contabilidad - Contratación Inmediata,,Te creemos Administración y Servic...,Ciudad de México
Analista de Recursos Humanos,,RISE CAPITAL INTERNATIONAL SA DE CV,N.L.
Analista de activo fijo,,,CDMX
Analista contable,,Banamex,CDMX
VC Analista de Despacho especializado en Fibra Optica,"$10,000 - $12,000  Mensual",Grupo Salinas,CDMX
Analista de Información e Indicadores (Actuario),"$18,000  Mensual",Te creemos Administración y Servic...,Ciudad de México
Market Research Analyst,,JUAN CARLOS CEPEDA.,Ciudad de México
Analista de Riesgos Temporal - Inicio Contrataciones,"$12,000  Mensual",Te creemos Administración y Servic...,Ciudad de México
Analista de Compras - Contratación Inmediata,,Te creemos Administración y Servic...,Ciudad de México
Analista de Soporte Técnico - Automotriz,,HTA,CDMX
ANALISTA ACTUARIAL,,ZURICH ASEGURADORA MEXICANA SA DE CV,Ciudad de México
DESARROLLADOR ANALISTA,,,CDMX
ANALISTA JURÍDICO JR.,,"Administraciones Hexa, S.A. de C.V.",CDMX
Analista de Información e Indicadores (Actuario),,Te creemos Administración y Servic...,Ciudad de México
Analista de Reportería,,,CDMX
Analista de Calidad | Parque Industrial Kaizen,,UVI TECH SAPI DE CV,Querétaro
Jefe de prevención de perdidas,,Kelly Services,CDMX
Analista de información,,KLS SA DE CV,N.L.
Analista de información,,"CT Internacional Noroeste, S.A. de...",Son.
ANALISTA KANBAN,,BOS AUTOMOTIVE PRODUCTS IRAPUATO S...,Gto.
Analista de nómina,,"US COTTON MEXICO, S. DE R.L. DE C.V.",Ver.
Analista de vinculación universitaria RH,,KPMG Cardenas Dosal,CDMX
analista de sistemas costos y procesos,,Compañía Integra Soluciones,N.L.
Analista de soporte operativo,"$16,000 - $19,000  Mensual","Manpower, S.A. de C.V.",CDMX
ANALISTA DE MESA DE CONTROL,,ZURICH ASEGURADORA MEXICANA SA DE CV,México
Analista de Control de Herramientas,,UVI TECH SAPI DE CV,Qro.
Analista de Cuentas x Cobrar,,"IPG Media Brands Communications, S...",Ciudad de México
Gerente de tesorería,"$10,000 - $15,000  Mensual",APLINNPROFES ZERO,CDMX
Analista de cuentas por cobrar,,,N.L.
Auxiliar de fotografía | Parque Industrial KAIZEN,,UVI TECH SAPI DE CV,Qro.
Analista CRM,,"Operaciones del Norte, S.A. de C.V.",Ciudad de México
"Analista de Calidad, Procesos y Certificaciones",,,Edo. Méx.​
Analista cuentas por pagar,,"VITATELLUS, S.A. DE C.V.",Jal.
Desarrollador Jr. Java,,CREDICLUB SA DE CV SOCIEDAD FINANC...,N.L.
Analista de Asuntos Regulatorios,,,CDMX
Ingeniero Funcional Oracle - EBS /Base de Datos (DBA),,,CDMX
Analista en logística,,,CDMX
"Analista de Cuentas por Pagar (Ciudad de México, Cuauhtémoc)",,BBVA Bancomer,CDMX
Analista de Facturacion RA,,,CDMX
Analista de logística,,,CDMX
Quote Analyst/ Analista de Ordenes (PO),,,Jal.
Analista de Negocio Home Office,,"Manpower, S.A. de C.V.",Ciudad de México
Analista de Sistemas SR:,,"Teknna Consultores, S.C.",N.L.
Analista de perdidas,,Kelly Services,CDMX
ANALISTA PLD - IMPORTANTE BANCO,"$18,000  Mensual","Manpower, S.A. de C.V.",CDMX
Analista programador Java,"$20,000 - $25,000  Mensual",Qualitas Compañía de Seguros,CDMX
ANALISTA DE IMPUESTOS,,Grupo Salinas,CDMX
Analista de Información Médica,"$11,000 - $15,000  Mensual",Randstad,Estado de México
Analista de reclutamiento y selección,,CONSULTORIA Y SERVICIOS ESPECIALIZ...,CDMX
Analista Contable Senior,,INNOFA MEXICO SA DE CV,Pue.
Analista Jr BPO,,KIO NETWORKS,CDMX
Analista de Riesgo Operativo (seguros),,"Allianz México, S.A. Compañía de S...",Ciudad de México
Analista Sr. de Interfaces de Sistemas Logísticos,,Magic Log SA de CV,CDMX
Analista de Cartera de Nomina,,,N.L.
Analista de Soporte de Inventario,,,Ciudad de México
ANALISTA DE PREVENCIÓN DE FRAUDES,,TALENTOCONCREDITO,Sin.
Ingeniero (a) de procesos,,GRUPO XCARET,Q. Roo
ANALISTA DE INTELIGENCIA COMERCIAL,,ILUMINACIÓN ESPECIALIZADA DE OCCID...,Jal.
AUXILIAR DE NOMINA,,Grupo Plasencia,Jal.
Analista desarrollador Java Sr,,Cuarto Origen S. de R.L. de C.V.,Ciudad de México
Analista de Recursos Humanos (Nomina),,,N.L.
Analista de mercadotecnia y publicidad,,SLYRSA GRUPO INDUSTRIAL SA DE CV.,N.L.
Analista de reclutamiento y selección,,,N.L.
Data analyst,"$14,000 - $14,500  Mensual","SSBCC México, S. de R.L. de C.V.",BC.
Data analyst,,everis,CDMX
Data Analyst,,"Deacero, S.A. de C.V.",N.L.
Data analyst,,,N.L.
Data analyst,,"Manpower, S.A. de C.V.",México
DATA ANALYST,,"Banco Actinver, S.A, Institución d...",CDMX
Data analyst,,online ventures s a p i de CV,Ciudad de México
Data analyst,,,CDMX
Data analyst,,AUTOCLAIMS SERVICIOS SA DE CV,CDMX
Data analyst,,Alinsco Mexico,Yuc.
Data analyst,,Daltum Systems S.A de C.V.,Ciudad de México
Data analyst,,HERBALIFE NUTRITION,Jal.
Data analyst,,"Servicios Integrales Mondelez, S. ...",México
Data analyst,,PartRunner,Ciudad de México
Data analyst,,"YAZAKI SERVICE, S. DE R.L. C.V.",N.L.
Data Analyst,,Grupo AXO,Ciudad de México
Data analyst,,Human Quality,Ciudad de México
Data Analyst,,"Manpower, S.A. de C.V.",CDMX
Data analyst,,Schneider Electric México,N.L.
Data analyst,,"Stefanini México, S.A. de C.V.",Ciudad de México
Data analyst,"$35,000 - $40,000  Mensual","Stefanini México, S.A. de C.V.",Ciudad de México
Data Analyst / Data Engineer,,Mobile Apps Enterprises LLC,Gto.
Product Data Analyst,,UVI TECH SAPI DE CV,México
Junior Data Analyst,,JUAN CARLOS CEPEDA.,CDMX
Big Data Analyst,,Mobile Apps Enterprises LLC,México
Data Analyst / Tableau,,Softtek,Ciudad de México
ETL/Data Analyst,,HCL Technologies México,Jal.
DATA ANALYST (Remote),,"EQUALS TRUE, LLC",Jal.
Vendor Data Analyst,,HERBALIFE NUTRITION,Jal.
Data analyst - Tableau,,InterWare,CDMX
Data analyst senior,,DCH Know Who,Ciudad de México
Data Analyst - Tableau,,Softtek,México
ESPECIALISTA MIS: DATA ANALYST,,"Servicios TVM de México, S.A. de C...",CDMX
DATA ANALYST BILINGUE,,Seres Leading S.A. de C.V.,Ciudad de México
Materials Data Analyst,,Pepsico División Foods,CDMX
Jr. Data Analyst,,Grupo Cynthus,Ciudad de México
Master Data Analyst,,,Jal.
Digital Data Analyst,,,SLP.
Data Analyst ETL - Remoto,,Dresden Partners,Jal.
Dba sql data analyst,,,CDMX
DATA ANALYST - INGLÉS AVANZADO,"$27,000 - $32,000  Mensual",Adecco,Edo. Méx.​
Data analyst y Proyectos de inovacion,"$20,000 - $25,000  Mensual",Human Staff,N.L.
Data Analyst (agencia de medios),,Havas Media,CDMX
Supply Chain Data Analyst,,Adecco,Qro.
Power BI Data Analyst,,Out Helping,Qro.
Data Entry analyst,,Bolloré Logistics México S.A de C.V.,CDMX
Data Integration Analyst,,Pepsico División Foods,México
Data Entry Analyst,,Pepsico División Foods,CDMX
Data Processing Analyst,,Dun & Bradstreet de México,CDMX
DATA ANALYST (3 años de experiencia),,Hitss,Ciudad de México
Data Analyst ETL SSIS Bilingüe - Remoto,,Dresden Partners,Jal.
Master Data Analyst - Temporal 1 año,,HERSHEY,Jalisco
Data Cleaner / Analyst / Engineer,,DEALERSHIP PERFORMANCE 360,BCS.
Data Cleaner / Analyst / Engineer,,DEALERSHIP PERFORMANCE 360,Jal.
Data Cleaner / Analyst / Engineer,,DEALERSHIP PERFORMANCE 360,Jal.
Data Cleaner / Analyst / Engineer,,DEALERSHIP PERFORMANCE 360,Ciudad de México
Data Cleaner / Analyst / Engineer,,DEALERSHIP PERFORMANCE 360,N.L.
QlikView Data Base Analyst,,North American Production Sharing ...,BC.
Analista MIS / Data Strategy Analyst,,Loyalty Servicios Profesionales Mu...,CDMX
Data Analyst Jr. (SQL/Python/Tableu/VBA),,SERVICIOS COMERCIALES AMAZON MEXIC...,Edo. Méx.​
Data Architecture Lead Analyst,,Banamex,Ciudad de México
Data Scientist / Business Analyst Inglés Avanzado,"$50,000 - $60,000  Mensual",TGENIESLLC MEXICO SA DE CV,Ciudad de México
Solicitamos Business Analyst con experiencia en Data,,"SOLUCIONES INFORTEC, S. de R.L. de...",Ciudad de México
Assoc Specialist Sales,"$20,000 - $24,000  Mensual",Hasbro de México,CDMX
Jr. Data Science (Machine Learning Engineer),,Mobile Apps Enterprises LLC,México
Data science,,Volaris,CDMX
SQL Senior Developer,,"SSBCC México, S. de R.L. de C.V.",BC.
Data Analytics,,Loréal México,México
Pricing analyst,,Charger Logistics S DE RL DE CV,N.L.
Business Planning Analyst,,"Arrow Components Mexico, S.A. de C...",Jal.
Consumer Research Sr Analyst,,UVI TECH SAPI DE CV,Ciudad de México
Sell Out Analyst,,Loréal México,Ciudad de México
CMI SR ANALYST,,Loréal México,México
"HR Analyst, Sales Compensation",,"Arrow Components Mexico, S.A. de C...",Jal.
Fixed Asset Analyst,,Sensata Technologies de México S. ...,Aguascalientes
Accountant analyst,,Hortalizas Sinexp S de R.L. de C.V.,Son.
SERVICENOW REPORTING ANALYST,,ZURICH ASEGURADORA MEXICANA SA DE CV,Ciudad de México
Senior Test Analyst (BI),,ZURICH ASEGURADORA MEXICANA SA DE CV,Ciudad de México
Purchasing Analyst,,,N.L.
Operational Risk Assessments and Testing Analyst,,GM FINANCIAL.,N.L.
Research Analyst,"$18,000  Mensual",IPSOS S.A de C.V,CDMX
Senior Test Analyst (Guidewire),,ZURICH ASEGURADORA MEXICANA SA DE CV,Ciudad de México
Test Analyst,,ZURICH ASEGURADORA MEXICANA SA DE CV,Ciudad de México
Senior Test Analyst,,ZURICH ASEGURADORA MEXICANA SA DE CV,Ciudad de México
Business Analyst-Manejo de Datos,,,Ciudad de México
Analista de logística y distribución,,WATLOW DE MEXICO S. DE R.L. DE C.V.,Qro.
Talent Acquisition Analyst,,,N.L.
Financial Analyst | Global leader in metal flow engineering,,Michael Page,N.L.
Cost accountant - Queretaro,,,Guanajuato
Cost accountant - Queretaro,,,San Luis Potosí
Business Intelligence Analyst - Contractor,,Oracle de México..,Jal.
Quality assurance Executive,,MASTTRO MX SAPI DE CV,N.L.
Customer Analytics,,PopUP Design S de RL de CV,Ciudad de México
material analyst engineer,,"Robert Bosch, S.A. de C.V.",Ciudad de México
IT Technical Support (L1 and L2) - Night Shift,,Charger Logistics S DE RL DE CV,N.L.
HR Analyst - Compensation & Performance Management,,Charger Logistics S DE RL DE CV,Qro.
Desarrollador java sr,,"Stefanini México, S.A. de C.V.",Jal.
Cyber Security Manager,,BALDESIGNS DE MEXICO SA DE CV,Yuc.
ANALISTA DE NÓMINA / NOMINISTA,,,Jal.
HR analyst (Benefits and compensation),,Golden Kare Ventures SA de CV,Jal.
Operations Analyst,"$36,000 - $40,000  Mensual","Uline, Inc.",BC.
"Trilingual (French, English, Spanish) Product Sales Analyst","$14,000 - $15,000  Mensual",Compucom GSC,CDMX
Finance Director,"$26,000 - $27,000  Mensual","Enrique J. Fernandez, P.A.",México
Analista de Operaciones,,"Uline, Inc.",BC.
Salesforce Business Analyst and Administrator,,Productos Rich's,CDMX
"Auxililar Entrenamiento / Rep, Human Resources MX",,Kansas City Southern de México S.A...,Mich.
Collections analyst,,PERFORMANCE COATINGS GROUP GLOBAL ...,Qro.
Anslista de Servicio a Clientes / Customer Service Analyst,,Wella Company,Ciudad de México
Tax Analyst,,Sensata Technologies de México S. ...,Ags.
trade compliance analyst I,,Randstad,Chih.
Business analyst,,"T & N DE MEXICO, S de RL de CV",Edo. Méx.​
Control Board Analyst,,"Henkel Mexicana, S.A.",N.L.
Business analyst,,North American Production Sharing ...,BC.
Financial Analyst (Recent Graduate),,HERBALIFE NUTRITION,Jal.
IT Technical Support (level 1 & 2),,Charger Logistics S DE RL DE CV,N.L.
"Lead Analyst, Accounting",,Stryker..,BC.
Business Analyst en Gobierno de Datos,,ASTECI,Ciudad de México
International Recruited Staff Analyst,,MATTERIA CONSULTING,Edo. Méx.​
Infrastructure Consultant,,Oracle de México..,Ciudad de México
EHS Analyst,,ADVANCED TECHNOLOGY SERVICES MEXIC...,N.L.
Talent Acquisition Specialist LATAM,,,Qro.
Sr. Procurement Business Intelligence Analyst,"$65,000 - $79,000  Mensual",,N.L.
Business Intelligence Analyst – Tecnología,,Chronos Consulting,CDMX
VoIP/UC/Voice Engineer Enterprise,"$50,000 - $55,000  Mensual",Banamex,CDMX
Product Sales Analyst,,Compucom GSC,CDMX
B2B EDI Senior Support Analyst,,HP..,Jal.
Shipping Jr. Analyst,,ENVIOPACK MEXICO SAPI DE CV,Edo. Méx.​
Customer services Analyst,,GM FINANCIAL.,N.L.
Supervisión Administrativa de Proveedores (Cuentas por Pagar,,DHL México,CDMX
Talent Acquisition Analyst,,DANFOSS INDUSTRIES SA DE CV,N.L.
Due Diligence Analyst,,Sensata Technologies de México S. ...,Aguascalientes
Business intelligence analyst,,,México
Cybersecurity Analyst,,Page Personnel,México
Web Analytics Specialist,,,México
Sales Analyst-Mayoreo,,EMBOTELLADORA NIAGARA DE MEXICO S ...,Edo. Méx.​
Payroll analyst,,Comex,Edo. Méx.​
Business Analyst Senior,,"SOLUCIONES INFORTEC, S. de R.L. de...",Ciudad de México
Traffic analyst,,KOCH SHARED SERVICES MEXICO S DE R...,Jal.
ANALISTA FINANCIERO - PRESUPUESTOS Y COSTOS,,"CIMMYT, Int",Edo. Méx.​
Financial Analyst - Home Office,,"Enrique J. Fernandez, P.A.",México
Multi Body Dynamics Analyst,,PAE DESARROLLADOR EMPRESARIAL DE L...,N.L.
"Principal Financial Analyst, Oracle Cloud Infrastrcuture",,Oracle de México..,Jal.
Sr. Cost Analyst,,EMBOTELLADORA NIAGARA DE MEXICO S ...,Edo. Méx.​
Accounts receivable analyst,,HeadQuarters LLC,Ciudad de México
Product Engineer,,HELLA Automotive México,Qro.
Analista de inventarios,,,Chih.
Credit analyst,,CREDICLUB SA DE CV SOCIEDAD FINANC...,N.L.
Information Management Coordinator,,Procter & Gamble,México
Reclutador TI Experiencia en Banca,,RECRUITERS & HR ADVISORS LATAM,Ciudad de México
Finance Analyst Operations,,"Gates de México, S.A. de C.V.",CDMX
Senior Business Analyst,,"Inflection Point, S.A. de C.V.",N.L.
SQL Server Technology Analyst,,"Infosys Technologies, S. de R.L. d...",Ciudad de México
FP&A Analyst,,,Son.
Salesforce Analyst / Home Office,,Sensata Technologies de México S. ...,BC.
Software Developer - Senior Developer Data Engineering,,NOT SO SMART S. DE R.L DE C.V.,México
Refund & Repurchases Audit Analyst,,HERBALIFE NUTRITION,Jal.
Senior Reporting Analyst,,BOLDR MEXICO S. DE R.L. DE C.V.,Yuc.
analyst Business Intelligence,,INGRAM MICRO MÉXICO,Edo. Méx.​
Stellantis-Total Production Cost Analyst,,"RightThing, LLC",CDMX
IT Development Sr Analyst,,ALTEC ELECTRONICA CHIHUAHUA,Chih.
Machine Learning Engineer,,Mobile Apps Enterprises LLC,Ciudad de México
Data engineer,,Mobile Apps Enterprises LLC,Jal.
Python Developer,,Mobile Apps Enterprises LLC,Jal.
Associate Sales Analyst,"$14,000 - $15,000  Mensual",Worldone Servicios de Investigacio...,Pue.
Risk Analyst - Database Analyst,,,Ciudad de México
ESPECIALISTA EN COSTOS - POWER BI - TEMPORAL,,Comex,CDMX
Strategic Sourcing Analyst,,,Son.
Total Production Cost Analyst,,"RightThing, LLC",CDMX
Business Analyst,,everis,CDMX
Planogram Specialist,,Auto Zone,N.L.
Financial analyst,,DRISCOLL'S OPERACIONES SA DE CV,Jal.
SAP Application Analyst - MM,,Plastic Omnium Auto Inergy Industr...,Pue.
Sr. Global Supply Management Analyst,,Corning Optical Communications,N.L.
***Mid Salesforce Developer**,,Starkejobs SC,México
Sr. Global Supply Management Analyst,,Corning Optical Communications,Tamps.
Salesforce Admin,,eQuest LLC,CDMX
Business Analyst,,Diageo México,Jal.
Learning Analyst Tampico (Temporary),,Pepsico División Foods,Tamps.
Científico de datos,,Grupo Alsea,CDMX
Analista Inteligencia de Negocio,,Femsa,CDMX
Member Compensation Accounting Sr. Analyst,,HERBALIFE NUTRITION,Jal.
Business Analyst,"$35,000 - $40,000  Mensual",,México
Process analyst,,Teleperformance,N.L.
Materials Planning Analyst,,,Son.
Product owner,,Daltum Systems S.A de C.V.,Ciudad de México
"Business Analyst - Polanco, Ciudad de México","$25,000 - $30,000  Mensual",Kelly Services,CDMX
Business Analyst,,Page Personnel,México
Bussines system analyst,,IDC TECHNOLOGIES MEXICO SA DE CV,México
Accounts payable analyst - CDMX,,"Servicios Integrales Mondelez, S. ...",Ciudad de México
"Sr. Test Analyst | English, Java, Microservice, ReactJS",,"Infosys Technologies, S. de R.L. d...",México
Principal Technical Analyst,,Oracle de México..,Jal.
Biller Analyst,,eQuest LLC,N.L.
Controlling Specialist Sr,,CONTINENTAL GUADALAJARA SERVICES M...,Chih.
"Analista de Soluciones Sr / Sr Analyst, IT Business MX",,Kansas City Southern de México S.A...,N.L.
Financial Analyst - Home Office,,"Enrique J. Fernandez, P.A.",México
Analista de negocios de sistemas financieros ti,,Ejecucion y Analisis,CDMX
Data Reporting Associate,,Estrella Innovative Solutions,CDMX
IT Network Analyst,,,CDMX
"Total Production Cost Analyst (Purchasing, Manufacturing)",,"RightThing, LLC",CDMX
Accounts payable analyst,,"Servicios Integrales Mondelez, S. ...",N.L.
Data Warehouse Developer,"$29,000 - $30,000  Mensual","SSBCC México, S. de R.L. de C.V.",BC.
Científico de datos,,Infotec Centro de Investigación e ...,CDMX
Científico de Datos,"$10,000 - $10,001  Mensual","Punto Pen, S.A. de C.V.",CDMX
Científico de Datos,,Celulares y accesorios del Sureste...,Yuc.
Científico de datos,"$20,000 - $25,000  Mensual",Qualitas Compañía de Seguros,CDMX
CIENTIFICO DE DATOS,,"Grupo Aeroportuario del Pacífico, ...",Jal.
CIENTIFICO DE DATOS,,Celulares y accesorios del Sureste...,Yuc.
Científico de datos,,Grupo Alsea,CDMX
Científico de datos,,Grupo Salinas,CDMX
Científico de datos,,SERVICIOS CORPORATIVOS SCOTIA SA D...,Edo. Méx.​
Científico de datos,,Grupo Salinas,CDMX
Científico de datos,,LEONALI S DE RL DE CV,Pue.
Cientifico de Datos,,Softtek,Ciudad de México
Científico de datos,,,N.L.
Científico de datos,,,Coah.
Cientifico de datos Jr.,,"Compartamos Servicios, S.A. de C.V.",Ciudad de México
Cientifico de Datos Sr,,Softtek,Ciudad de México
CIENTIFICO DE DATOS JR,,Latin America Business Consulting ...,Ciudad de México
CIENTIFICO DE DATOS - SR,,Grupo Salinas,CDMX
CIENTIFICO DE DATOS- BILINGUE,,"Manpower, S.A. de C.V.",CDMX
CIENTIFICO DE DATOS SR,,,Ciudad de México
Coordinador científico de datos,,Komatsu Maquinarias México,CDMX
CIENTIFICO DE DATOS JR,"$25,000 - $30,000  Mensual",,Ciudad de México
Lider Científico de Datos,"$60,000 - $70,000  Mensual","Compartamos Servicios, S.A. de C.V.",Ciudad de México
Científico de datos de inteligencia de mercados,"$17,000 - $20,000  Mensual","Computación, Datos y Tecnología, S...",Edo. Méx.​
Cientifico de Datos/Data Scientist,,Thyssenkrupp Components Technology...,Gto.
Científico en análisis de datos,,Hygeia de Mexico SA de CV,Jal.
desarrollador Big Data/ Científico de Datos,,Badak Soluciones SA de CV,Ciudad de México
Auditor Científico de Datos (Experto en PYTHON),,"Nacional Monte de Piedad, I.A.P.",Ciudad de México
Científico de datos p/ Riesgos de Ciberseguridad,,Grupo Salinas,Ciudad de México
Científico de Datos Torre de Control LATAM,,"Storecheck, S.A de C.V.",Qro.
Técnico en base de datos,,LAMTEK MUEBLES,Jal.
Senior Master Planner,,AXALTA COATING SYSTEMS MEXICO S DE...,Edo. Méx.​
Data Analyst,,"Deacero, S.A. de C.V.",N.L.
Analista de sistemas,,MC1 TECNOLOGIA LTDA,Ciudad de México
Arquitecto Ciencia de Datos,,"Herdez, S.A. de C.V.",Edo. Méx.​
Líder Funcional de Datos y Desarrollo,,DIMEX CAPITAL,CDMX
Data Scientist Sr.,,"Manpower, S.A. de C.V.",México
Arquitecto de datos,,PopUP Design S de RL de CV,Ciudad de México
Doctor(a) en Áreas Físico-Matemáticas e Ingenierías,,Universidad Tecnologica Latinoamer...,Edo. Méx.​
Consultor BI,,Alia,Ciudad de México
Data Scientist Sr,,"Manpower, S.A. de C.V.",México
Data Scientist SR,"$35,000 - $40,000  Mensual",SEGURITECH ADMINISTRACION SA DE CV,CDMX
FACTURACION E INGRESOS DE PAGOS,"$7,000 - $9,000  Mensual","VILLA TOURS, S. A. DE C. V.",Nuevo León
Tecnico instrumentista,"$8,000 - $8,900  Mensual",Polioles S.A de C.V,Edo. Méx.​
Desarrollador Teradata,,"Stefanini México, S.A. de C.V.",Ciudad de México
Analista de Soporte Técnico - Automotriz,,HTA,CDMX
Líder Técnico de Desarrollo de Software / Technical Lead,,MIGESA SA DE CV,N.L.
*Ingeniero Jr Soporte Retail,,Grupo Bafar,Chihuahua
DESARROLLADOR Sr.,,Tracusa,Gto.
AUXILIAR CONTABLE,,Randstad,Ciudad de México
SUBGERENTE DESARROLLO DE SISTEMAS (SAP),,IZZI,CDMX
Gerente E-commerce,,BACKGROUND SERVICIOS ADMINISTRATIV...,CDMX
Coordinación de proyectos (Administración y logística),,Universidad Iberoamericana,CDMX
Soporte Técnico,,ASTECI,Edo. Méx.​
Analista Sistemas Telecomunicaciones,,Grupo Financiero Inbursa,CDMX
Auxiliar soporte técnico,,DISTRIBUIDORA DE ALUMINIO DEL MAYA...,Yuc.
Auxiliar de crédito y cobranza,,POCHTECA SERVICIOS ADMINISTRATIVOS...,Qro.
"CONSULTOR, IMPLEMENTADOR Y DESARROLLADOR DEL SISTEMA META 4",,,CDMX
Web Scraping Tech Lead,,UVI TECH SAPI DE CV,Ciudad de México
VC Analista de Despacho especializado en Fibra Optica,,Grupo Salinas,CDMX
Analista de cuentas/ Bases de datos/ Nuevos proyectos,"$20,000 - $22,000  Mensual","Computación, Datos y Tecnología, S...",Edo. Méx.​
Soporte Técnico Nivel 2,,Lumina Software S.A. de C.V.,N.L.
Data Tech Lead,,UVI TECH SAPI DE CV,Ciudad de México
Practicante de Ti,,,N.L.
Mecánico Automotriz - Monterrey NL,,UVI TECH SAPI DE CV,Nuevo León
Tech Lead,,UVI TECH SAPI DE CV,Ciudad de México
TÉCNICO DE VERACRUZ,,ORGANIZACIÓN CONTINO,Ver.
Trainee,,AXALTA COATING SYSTEMS MEXICO S DE...,Edo. Méx.​
Plantilla: EJECUTIVO DE VENTAS INTERNACIONALES,,Modular Vanity Tops SA DE CV,N.L.
Analista de Asuntos Regulatorios,,,CDMX
Desarrollador Jr. Java,,CREDICLUB SA DE CV SOCIEDAD FINANC...,N.L.
Ingeniero Soporte Técnico Red Hat,,"COMPUSOLUCIONES Y ASOCIADOS, S.A. ...",Ciudad de México
BECARIO MANUFACTURA DISPERSIONES,,AXALTA COATING SYSTEMS MEXICO S DE...,Edo. Méx.​
UX Researcher,,UVI TECH SAPI DE CV,México
Representante Técnico de Ventas EM,,BASF,CDMX
SecOps Lead,,UVI TECH SAPI DE CV,México
Cybersecurity Compliance Lead,,UVI TECH SAPI DE CV,México
Gerente de Proyecto,,MASTER BUILDER SA DE CV,N.L.
Issue Management Cordinator,,Banamex,Ciudad de México
Becario Sistemas/Programación/Polanco,,"Operativo Evenplan, S.C.",CDMX
Ejecutivo telefónico call center ATC,,"Atento Servicios, S. A. de C.V.",CDMX
OPERARDOR NOC,"$12,000 - $15,000  Mensual",GRUPO W COM SA DE CV,Edo. Méx.​
JAVA LIDER TÉCNICO,"$77,000 - $85,000  Mensual",ELEVEN ELEMENTS,CDMX
Programador de Software,"$10,000 - $15,000  Mensual",Starkejobs SC,CDMX
Product Owner Jr.,,,N.L.
TECNICO ELECTROMECANICO ESP A/A,,FRESCARVAT,Qro.
Técnico Electromecanico Esp A/A,,FRESCARVAT,Chihuahua
Senior Tester Automation,,MTP,CDMX
Desarrollador back end,,CASTELEC INTERNACIONAL SA DE CV,N.L.
Scrum Master Jr.,,,N.L.
Ingeniero de Soporte Aplicaciones TI,,INGENIERIA DRIC SA DE CV,CDMX
Auxiliar contable,,Kelly Services,CDMX
Senior Developer (Java y Cloud),,APPARKO TECNOLOGIA SAPI DE CV,Jal.
Personal de mantenimiento,,Grupo Inmobiliario Alhel,CDMX
Call Center Aclaraciónes Bancarias,,"Atento Servicios, S. A. de C.V.",CDMX
QA Tester,,Grupo Alnus S.A. de C.V.,Nuevo León
Ingeniero en sistemas computacionales,,GRUPO KYOSEI SA DE CV,Ags.
Especialista en E mail Marketing/CRM/Marketing Automation,,Marketing911,Ciudad de México
Monitorista de Señales Digitales,,,Qro.
Jefe Administrador SAP B1 En Colonia Del Valle,,"PROVEEDORA GENERAL POPO,S.A DE C.V.",CDMX
Jefe Administrador SAP B1 En Colonia Del Valle,,"PROVEEDORA GENERAL POPO,S.A DE C.V.",CDMX
Jefe de Medios,"$10,000 - $15,000  Mensual",Venados F.C,Yuc.
TECNICO PROGRAMADOR/AUTOMATIZACION,"$20,000 - $22,000  Mensual","Global GOG Group, S.A. de C.V.",Gto.
Analista Sr. de Interfaces de Sistemas Logísticos,,Magic Log SA de CV,CDMX
Especialista en Sistemas Silvopastoriles,,TSERV SOLUCIONES PARA LA POBREZA A...,Yuc.
Técnico de Ensamble,,KOCH SHARED SERVICES MEXICO S DE R...,Jal.
Ingeniero de soporte de sistemas,,,Tamps.
Ingeniero de Integraciones / Integration engineer,,Magic Log SA de CV,CDMX
INGENIERO (A) DE SOPORTE TÉCNICO,,"CIMATEL TELECOMUNICACIONES, SA DE CV",Ciudad de México
Arquitecto de Base de Datos- Data warehouse,,C&A MEXICO S DE RL,Jal.
Desarrollador NET CORE,,Bliss IT,N.L.
SQL funcional (DTS SISS) 100% REMOTO & 100% FREELANCE,,BSD ENTERPRISE GROUP SA DE CV,N.L.
Instalador de GPS - Puebla,,ASOSA PERSONAL,Pue.
Coordinador de seguros medicos,,SINERGIA IMPACTO EMPRESARIAL,Nay.
Representante de ventas - Soldadura,,PLACEMENT  PARTNERS,N.L.
"DESARROLLADOR .NET JR ($17,300)",,MAVI DE OCCIDENTE SA DE CV,Jal.
Desarrollador Power Builder,,,Yucatán
Químico analista,,LABORATORIO DE SERVICIOS CLÍNICOS ...,N.L.
"Cajera facturista, asis administrativa",,ALPE FRESH SA DE CV,Jal.
Especialista en Agronomía (café y cacao),,TSERV SOLUCIONES PARA LA POBREZA A...,Yuc.
Auxiliar administrativo,"$7,000 - $8,000  Mensual",COMERCIALIZADORA Y DISTRIBUIDORA M...,Gto.
Analista financiero,"$20,000 - $25,000  Mensual",MISION TALENTO,Gto.
Asesor Técnico de Home automation (Domótica),,"BTICINO DE MEXICO, SA DE CV",Qro.
Soporte técnico IT,"$10,000 - $12,000  Mensual",SERVI GAS DEL PACIFICO SA DE CV,Chih.
Desarrollador full stack SR.,,SMART BROWSER SOLUTIONS,CDMX
Monitorista,,PARAMOUNT CITRUS MEXICO SERVICES S...,N.L.
"Recepcionista - Parque Industrial Novopark,Celaya Guanajuato",,Kelly Services,Gto.
Analista de CRM (Salesforce y/o Navision),,Nabe,CDMX
Ingeniero de servicio,,ORGANIZACIÓN CONTINO,Son.
Tecnico en Mantenimiento,,,Ags.
Ingeniero en desarrollo de software,,Agrotractores del Centro SA de CV,Qro.
Especialista de Bases de Datos,,Pentafon,CDMX
Customer Success Manager,,HALAYEL CORPORATIVO SA DE CV,CDMX
Líder de aplicaciones Móviles iOS y Android,,Quality & Knowledge on IT Services...,CDMX
Administrador sap,,Sportires,CDMX
Fullstack developer,,"Manpower, S.A. de C.V.",México
Software Engineer Instructor,,UVI TECH SAPI DE CV,Ciudad de México
Desarrollador java,,Grupo Salinas,CDMX
Lider de Produccion,,FANASA S.A. DE C.V.,Qro.
Analista de asuntos regulatorios,,Nichos Sales Force,CDMX
INGENIERO DE CAJEROS AUTOMATICOS-DEL. MIGUEL HIDALGO CDMX,"$11,000 - $11,500  Mensual",NCR DE MÉXICO,CDMX
INGENIERO DE CAJEROS AUTOMATICOS-VERACRUZ,"$11,000 - $11,500  Mensual",NCR DE MÉXICO,Ver.
"INGENIERO DE CAJEROS AUTOMATICOS-MORELIA, MICHOACAN","$11,000 - $11,500  Mensual",NCR DE MÉXICO,Mich.
Ingeniero de Calidad Clientes,,"KEMET DE MÉXICO, S.A. DE C.V.",N.L.
Auxiliar Contable de Impuestos,"$16,000 - $18,000  Mensual","Manpower, S.A. de C.V.",CDMX
Auxiliar de soporte técnico. Zona Metepec,,,Edo. Méx.​
Tecnico de Test Vehículos,,Nissan Mexicana,Ags.
Ingeniero de soporte técnico,,,Qro.
Programador Magento 2,,Sportires,CDMX
Ejecutivo JR de diseño de soluciones empresariales TI,,,CDMX
Jefe de Inventarios,,,BC.
Ejecutivos Telefónicos en Atención a Clientes/Turno Vesperti,,"Atento Servicios, S. A. de C.V.",CDMX
Desarrollador java,,Grupo Salinas,CDMX
NUTRIOLOGO PARA CLINICA EN EXPANSION,,"Bacher Zoppi, S.A. de C.V.",Jal.
TECNICO EN SOPORTE,,Compras Centrales y Administración...,Q. Roo
INGNIERO EN SISTEMAS,,VERYRE CONSULTORES S.A. DE C.V.,Qro.
Coordinador de área de desarrollo,,CHAT2DESK MEXICO SA DE CV,Edo. Méx.​
Técnico de Procesos Planta Química,,,CDMX
Ingeniero TI/ Analista de negocio SR.,,"Grupo Lala, S.A.",Dgo.
Ingeniero de sistemas,,,Nuevo León
Ingeniero de soporte de Red de Voz y Datos,"$16,000 - $20,000  Mensual",AETHRA COMMUNICATIONS MEXICO S DE ...,Ciudad de México
Catman,,NORMA,CDMX
TRAINEE JEFE DE MARCA JR,"$10,000  Mensual","Avante Textil, S.A. de C.V.",Edo. Méx.​
ANALISTA DE NOMINA,"$10,000 - $10,500  Mensual",Payrolling S.A. de C.V.,Edo. Méx.​
Analista de gobierno de datos,,Grupo Salinas,CDMX
Ejecutivo de telemarketing,,Operadora de Servicios Paquetexpre...,Tamps.
Analista de Pagos,,"Bupa México, Compañía de Seguros, ...",CDMX
Consultor(a) Sr IT Assurance,,Deloitte,N.L.
Reclutador Bilingüe ($18K puestos especializados),,Pullsale Btl SA de CV,Jalisco
Consultor de Servicios Técnicos,,Fortia Technology S.A. de C.V.,Tamps.
Jefatura de Innovación y Sistemas,,,CDMX
Jefe de mantenimiento,,Walmart México,CDMX
"DESARROLLADOR WEB SENIOR EN .NET, SOAP Y API REST",,,Ciudad de México
Ejecutivo Telefonico Bilingüe,,,Ags.
Ejecutivo Telefonico Bilingüe,,,Jal.
Ejecutivo Telefonico Bilingüe,,,Pue.
Ejecutivo Telefonico Bilingüe,,,Ciudad de México
inicia el año trabajando como AGENTE TELEFÓNICO,,"Atento Mexicana, S.A. de C.V.",CDMX
Ejecutivo de Servicio Cloud,,"CT Internacional Noroeste, S.A. de...",N.L.
Soporte Técnico Call Center / Tecnología y Linea Blanca,,Atento México,CDMX
*Ingeniero Jr Soporte Retail,"$14,500  Mensual",Grupo Bafar,Chihuahua
Agente call center,"$7,000  Mensual",GRUPO GA S.A. DE C.V.,Ciudad de México
Analista de Calidad en Campo / Polanco,"$10,000  Mensual",Grupo Salinas,CDMX
Administrador CA - Service Desk Management Suite Weekends,"$35,000 - $40,000  Mensual",HALAYEL CORPORATIVO SA DE CV,CDMX
Preventa Coach,,Bonafont,Gto.
*Asesores Telefónicos en Atención a Clientes*VESPERTINO,"$6,400 - $8,600  Mensual","Atento Servicios, S. A. de C.V.",CDMX
Desarrollador Phyton,,Kopar,N.L.
Desarrollador Power BI,,Kopar,N.L.
Soporte técnico,,ASTECI,Edo. Méx.​
Tecnico de equipos,,Sensata Technologies de México S. ...,Aguascalientes
ING. DE DESARROLLO,,Comercializadora ORDI S. de R.L. d...,Jal.
Planeador,,Grupo Salinas,CDMX
ADMINISTRADOR CA SERVICE DESK MANAGEMENT SUITE (FS/Feriados,,HALAYEL CORPORATIVO SA DE CV,CDMX
Asesor telefónico en atención a clientes,,"Atento Servicios, S. A. de C.V.",CDMX
Consultor Senior de Nómina ( Payroll),,"Internacional de Sistemas, S.A. De...",Ciudad de México
Asesor de atención al cliente Call Center,,"Atento Servicios, S. A. de C.V.",CDMX
"Lider tecnico Azure (SAAS, PAAS, IAAS)",,Softtek,Ciudad de México
DATA SCIENTIST - JR,,Grupo Salinas,CDMX
Analista fiscal,,"Manpower, S.A. de C.V.",CDMX
TÉCNICO EN AIRE ACONDICIONADO,,Universidad Mexicana,Ver.
Data scientist,,CH2M,Ciudad de México
Data scientist,,SERVICIOS AXITY MEXICO S DE RL DE CV,CDMX
Data Scientist,"$20,000 - $22,000  Mensual",CUATRO NETWORKS S DE RL DE CV,CDMX
Data scientist,,"Servicios TVM de México, S.A. de C...",CDMX
Data Scientist Sr.,,"Manpower, S.A. de C.V.",México
Data Scientist Sr,,"Manpower, S.A. de C.V.",México
Data Scientist SR,,SEGURITECH ADMINISTRACION SA DE CV,CDMX
Data Scientist Sr.,,"Chubb Servicios México, S.A. de C.V.",Ciudad de México
Data Scientist II,,Conduent de México SA de CV,N.L.
DATA SCIENTIST - JR,,Grupo Salinas,CDMX
Sr. Data scientist,,Addon Technologies Inc.,Ciudad de México
Data scientist jr,,Servicios Administrativos Peñoles ...,CDMX
Data Scientist 3,,Oracle de México..,México
Principal Data Scientist,,Microsoft..,México
Cientifico de Datos/Data Scientist,,Thyssenkrupp Components Technology...,Gto.
Recién egresado (conocimiento en data scientist),,Tata Consultancy Services,Ciudad de México
Coordinador Data Scientist _ Servicios financieros,,"Operativo Evenplan, S.C.",CDMX
Data Scientist for Pricing(Machine Learning),,UVI TECH SAPI DE CV,México
Data Scientist for Financing (Machine Learning),,UVI TECH SAPI DE CV,México
Data Scientist / Business Analyst Inglés Avanzado,,TGENIESLLC MEXICO SA DE CV,Ciudad de México
Data Scientist Engineer Recien JUNIOR/Recien Egresado,"$24,000 - $27,000  Mensual",Kelly Services,Jal.
Analytics & Cognitive–Sr Data Scientist–Senior Solution,"$50,000 - $80,000  Mensual","Servicios de Outsourcing, Head Hun...",Querétaro
CIENTIFICO DE DATOS - SR,,Grupo Salinas,CDMX
Jr. Data Science (Machine Learning Engineer),"$65,000 - $75,000  Mensual",Mobile Apps Enterprises LLC,México
"Desarrolladores Java, Phyton, React, .Net, Power BI, Data Sc",,EMONICS LLC,Ciudad de México
DEVELOPERS FOR RELOCATION TO USA,,"Systechcorp, Inc",Ciudad de México
Senior PHP Developer,,Addon Technologies Inc.,Ciudad de México
Sr React Developer / Full Stack,,Addon Technologies Inc.,Ciudad de México
Sr. Application JAVA Developer,,Addon Technologies Inc.,México
Sr. .NET Developer job opportunity in USA,,Addon Technologies Inc.,Ciudad de México
Senior PYTHON Developer to work in USA,,Addon Technologies Inc.,N.L.
Senior Software Engineer,,"Gonet, S.A. de C.V.",México
Data Analyst / Data Engineer,,Mobile Apps Enterprises LLC,Gto.
Data engineer,,Mobile Apps Enterprises LLC,Jal.
Machine Learning Engineer,,Mobile Apps Enterprises LLC,Ciudad de México
Python Developer,,Mobile Apps Enterprises LLC,Jal.
DEVELOPERS FOR RELOCATION TO USA,,"Systechcorp, Inc",N.L.
Sr. Research Scientist Food Services & Groceries,,HERSHEY,Jal.
Observer Coordinator,,Teleperformance,N.L.
Científico de datos,,,Coah.
Científico de datos,,,N.L.
Sr AWS / DevOps,"$70,000 - $75,000  Mensual",Addon Technologies Inc.,Edo. Méx.​
Observer Coordinator,,Teleperformance,Jal.
Observer Coordinator,,Teleperformance,Ciudad de México
Customer Success Account Manager,,Microsoft..,Ciudad de México
ANALISTA DE INTELIGENCIA DE NEGOCIOS,,PAE DESARROLLADOR EMPRESARIAL DE L...,Jal.
Business intelligence,,AMERISA LOGISTICS,Edo. Méx.​
DATA SCIENTIST - MONTERREY,,Tecnoap,N.L.
"Data Scientist (Python, Spark)",,BBVA Bancomer,CDMX
Ingeniero de datos Jr - Python - Data Engineer jr,"$25,000 - $30,000  Mensual",Alia,CDMX
Ingeniero de Base de Datos Oracle o MS SQL,,BANCO DEL BAJIO S.A.,Gto.
Ingeniero de soporte de Red de Voz y Datos,"$16,000 - $20,000  Mensual",AETHRA COMMUNICATIONS MEXICO S DE ...,Ciudad de México
Ingeniero de Soporte Red de Voz y Datos L1,"$18,000 - $19,000  Mensual",SIERRA MADRE INTERNET SA DE CV,N.L.
Ingeniero de Monitoreo SR (Protección de datos DLP),,,Ciudad de México
Ingeniero Funcional Oracle - EBS /Base de Datos (DBA),,,CDMX
Command center,,CPI AIM de México,Qro.
Data Engineer,,UVI TECH SAPI DE CV,Ciudad de México
Database Chapter Lead,,UVI TECH SAPI DE CV,Ciudad de México
Database Software Engineer,,UVI TECH SAPI DE CV,Ciudad de México
INGENIERO DE INFRAESTRUCTURA TELECOM,,Sky,CDMX
INGENIERO DE SOPORTE (MARKETPLACE),,,Ciudad de México
Ingeniero en criptografía,,,CDMX
Ingeniero de mejora continua logistico,,Carvajal Tecnología y Servicios S....,Edo. Méx.​
Ingeniero de procesos,,Perfill RH Sa de CV,Pue.
Analista Programador Microsoft Sr.,,Allware Solutions,N.L.
Departamento de Estadística y Base de Datos,,BeSa Consulting,Ciudad de México
Desarrollador de software,,"Bitfarm, S.C.",Nuevo León
*Ingeniero Jr Soporte Retail,,Grupo Bafar,Chihuahua
CONTROL PRESUPUESTAL,,DESARROLLADORA TA NAH SA DE CV,Yuc.
Data engineer,,"SAFRAN MDS, SA DE CV",Qro.
Analista Base de Datos - SQL,"$20,000 - $25,000  Mensual",Banorte,N.L.
Coordinador Business Intelligence,"$28,000 - $35,000  Mensual","Farmacias del Ahorro, S.A.",N.L.
Ingeniero CERT,,,CDMX
Ingeniero en Sistemas computacionales Jr,,Banorte,CDMX
Asistente de Registro,,BeSa Consulting,Jal.
Ingeniero De Seguridad En Tecnologias,,,CDMX
Ingeniero en sistemas,,,Qro.
EJECUTIVO DE VENTAS,,,Ciudad de México
Backend Software Engineer,,UVI TECH SAPI DE CV,Ciudad de México
Android Software Engineer,,UVI TECH SAPI DE CV,Ciudad de México
SecOps Lead,,UVI TECH SAPI DE CV,México
Cybersecurity Compliance Lead,,UVI TECH SAPI DE CV,México
Fullstack Software Engineer,,UVI TECH SAPI DE CV,México
Ingeniero en programación y Ciberseguridad,,"AT&T, México",CDMX
Desarrollador back end,,CASTELEC INTERNACIONAL SA DE CV,N.L.
"Jr en Tecnologías (ML,DS,IoT)",,TALENTO STARTUP SAPI DE CV,México
"Ingeniero soporte en Redes | Mikrotik,Juniper,ExtremeNetwok",,Reto Industrial,Ciudad de México
AUXILIAR INGENIERO EN SOFTWARE,,,Tab.
Ingeniero instrumentista / Programador VBA,,APP Management S de RL de CV,Pue.
Ingeniero (a) de procesos,"$22,999 - $23,000  Mensual",GRUPO XCARET,Q. Roo
Ingeniero en sistemas computacionales,,GRUPO KYOSEI SA DE CV,Ags.
Ingeniero Experto Business Intelligence,"$27,000 - $35,000  Mensual","AT&T, México",CDMX
Ingeniero Especialista APP and OSS,"$26,000 - $27,000  Mensual","AT&T, México",Estado de México
Ingeniero de Integraciones / Integration engineer,,Magic Log SA de CV,CDMX
Ingeniero(a) de Seguridad Informática Senior,,TECHNORLY SA DE CV,Jal.
Monitorista de Señales Digitales,,,Qro.
Ingeniero de manufactura,,Polioles S.A de C.V,Edo. Méx.​
Ingeniero(a) de Software Senior (JAVA),,TECHNORLY SA DE CV,Jal.
ESPECIALISTA DE ARQUITECTURA DATA CENTER,,Grupo Salinas,CDMX
Analista desarrollador Java Sr,,Cuarto Origen S. de R.L. de C.V.,Ciudad de México
Ingeniero Soporte Técnico Red Hat,,"COMPUSOLUCIONES Y ASOCIADOS, S.A. ...",Ciudad de México
ANALISTA DE PREVENCIÓN DE FRAUDES,,TALENTOCONCREDITO,Sin.
Sub Coordinador de Operaciones,,FRESCARVAT,Ciudad de México
*COORDINADOR MESA DE CONTROL RETAIL/-50564153,,Grupo Bafar,Chihuahua
Desarrollador Full Stack,,,Ciudad de México
QA Automation/ Manual-100% Remoto,,ADVANCIO S.A. DE C.V.,Ciudad de México
Desarrollador python,,,Nuevo León
Ingeniero de servicio,,ORGANIZACIÓN CONTINO,Son.
Ingeniero de proyectos jr,,DENKEN PROYECTOS DE INGENIERIA SA ...,N.L.
Ingeniero en Sistemas Computacionales - NET,"$18,000 - $23,000  Mensual",TR NETWORK S.A. DE C.V.,Edo. Méx.​
Tester Automatizador,,Hitss,Ciudad de México
Ingeniero de proyectos senior,"$23,000 - $25,000  Mensual",DENKEN PROYECTOS DE INGENIERIA SA ...,N.L.
INGENIERO CLOUD,,KIO NETWORKS,Qro.
INGENIERO (A) DE SOPORTE TÉCNICO,,"CIMATEL TELECOMUNICACIONES, SA DE CV",Ciudad de México
Ingeniero de hardware,,NXTLAB S.A. DE C.V,Ciudad de México
Practicante de ingeniería eléctrica,,DENKEN PROYECTOS DE INGENIERIA SA ...,N.L.
Ingeniero en desarrollo de software,,Agrotractores del Centro SA de CV,Qro.
Ingeniero de producción,,GARDEN FACTORY PASTO SINTETICO EUR...,Pue.
DESARROLLADOR JAVA,,,CDMX
Administrador de construcción,,Grupo Basica,BC.
Desarrollador web (Java),,Grupo Jonima.,Ciudad de México
Mechanical Engineer II,,JOHNSON CONTROLS ENTERPRISES MEXIC...,Tamps.
Analista de Compras en Construcción,,,Ciudad de México
Administrador de base de datos,,"Red Office, S. de R.L. de C.V",Chih.
Gerente de Hospitalidad,,?Grupo Aldorf,N.L.
INGENIERO DE CAJEROS AUTOMATICOS-DEL. MIGUEL HIDALGO CDMX,,NCR DE MÉXICO,CDMX
INGENIERO DE CAJEROS AUTOMATICOS-VERACRUZ,,NCR DE MÉXICO,Ver.
"INGENIERO DE CAJEROS AUTOMATICOS-MORELIA, MICHOACAN",,NCR DE MÉXICO,Mich.
Ingeniero de Calidad Clientes,,"KEMET DE MÉXICO, S.A. DE C.V.",N.L.
Ingeniero de Soporte Aplicaciones TI,"$18,000 - $21,000  Mensual",INGENIERIA DRIC SA DE CV,CDMX
Soporte técnico IT,"$10,000 - $12,000  Mensual",SERVI GAS DEL PACIFICO SA DE CV,Chih.
Ingeniero de soporte de sistemas,,,Tamps.
Ingeniero de controles,"$30,000 - $35,000  Mensual",UGN DE MEXICO S DE RL DE CV,Gto.
Ingeniero de Capacidades,,"KEMET DE MÉXICO, S.A. DE C.V.",N.L.
SUPERVISOR DE PROTECCIÓN AMBIENTAL (COSTA FUERA),,Demar Instaladora y Constructora,Camp.
Desarrollador java sr,,AIT VANGUARDIA TECNOLÓGICA S. DE R...,CDMX
SUPERVISOR DE SEGURIDAD INDUSTRIAL (COSTA FUERA),,Demar Instaladora y Constructora,Camp.
Ingeniero automatización,,,N.L.
Programador .NET,,"Corporativo de Autopartes Oceano, ...",CDMX
Desarrollador Power BI,,Inavant,N.L.
Gerencia de análisis de ventas,,,CDMX
Ingeniero de empaque,,maltaTexo,Edo. Méx.​
Ingeniero de logística,,"SAFRAN MDS, SA DE CV",Qro.
Gerente de Asuntos Regulatorios (dispositivos Medicos),,,CDMX
Analista de inversiones,,"LIT CAPITAL, S.A.P.I. DE C.V.",Jal.
Ingeniero de calidad,,,N.L.
Ingeniero de sistemas,,,Nuevo León
Ingeniero de soporte técnico,,,Qro.
Control de documentos para obra en Construcción,,Kelly Services,Edo. Méx.​
Ingeniero en electrónica,"$20,000 - $22,000  Mensual",FORZA SPL SA DE CV,N.L.
Ingeniero TI/ Analista de negocio SR.,,"Grupo Lala, S.A.",Dgo.
Ingeniero de producto sr,,,N.L.
Ejecutivo de ventas Técnicas Tratamiento de Aguas,"$10,000 - $12,000  Mensual",Xochitl Aidee Flores Lopez,Jal.
Ingeniero de Aplicaciones IT,"$3,000  Mensual",Regal Beloit de Guadalajara S. de ...,Jal.
Analista Funcional Sr.,,Allware Solutions,N.L.
INGENIERO DE CALIDAD,,"Editorial Matro, S.A. de C.V.",Jal.
developer full stack Java Meddle/Sr.,,Liondev SA de CV,Mich.
Data Scientist SR,,SEGURITECH ADMINISTRACION SA DE CV,CDMX
Desarrollador full stack,,,Ciudad de México
*Ingeniero Jr Soporte Retail,,Grupo Bafar,Chihuahua
Ingeniero de Calidad Sr,,BENCHMARK ELECTRONICS DE MEXICO S ...,Jal.
Ingeniero(a) de Soporte de Servicios Web,,Luna Soft S.A. de C.V.,Jal.
Tecnico de equipos,,Sensata Technologies de México S. ...,Aguascalientes
Programador Frontend,,,CDMX
Ingeniero en desarrollo TI (industria automatización),,,N.L.
ING. DE DESARROLLO,,Comercializadora ORDI S. de R.L. d...,Jal.
Auditor de procesos,,Programa Apoyo Bienestar Social,BC.
INGENIERO DE APLICACIONES,,Banorte,N.L.
Ingeniero de Proyecto – Civil,,,BC.
Lider de infraestructura TI,,Grupo Salinas,CDMX
Practicante Sistemas/ Programacion y Datos,,Dal-Tile,N.L.
Líder de Proyecto MEP,,,N.L.
Ingeniero de ventas,,DENKEN PROYECTOS DE INGENIERIA SA ...,N.L.
Programador java Sr.,,"Ingeniosys, Ingenieria de Software...",N.L.
Ingeniero en sistemas,,Arsum Marketing Empresarial SA de CV,Ciudad de México
Desarrollador WEB .NET/React,,,CDMX
Ingeniero de confiabilidad,,ADVANCED TECHNOLOGY SERVICES MEXIC...,N.L.
Analista de costos y mejora continua,,,Sin.
Pasante Ingeniero Industrial,,International Legal Counseling Abo...,Ciudad de México
Desarrollador Full Stack,,,Ciudad de México
Superintendente de Calidad,,BENCHMARK ELECTRONICS DE MEXICO S ...,Jal.
Desarrollador de Software,,Qualisys,Son.
Ingeniero de logística,,Estafeta Mexicana,CDMX
Subgerente Seguridad Laboral CEDIS,,Walmart México,BC.
Ingeniero químico,,,Sin.
INGENIERO EN SISTEMAS,,,Chih.
DESARROLLADOR ASP NET MVC,,Reinsurance Consulting Intermediar...,CDMX
INGENIERO DE SERVICIO,,,Jal.
MGR I Quality Control,,,Son.
DESARROLADOR FULLSTACK,,Grupo Salinas,CDMX
Quality Assurance Analyst,,,BC.
Auxiliar en sistemas computacionales,,Aero Charter de México S.A. de C.V.,CDMX
Ingeniero de Procesos/ Industrial,"$15,000 - $15,001  Mensual",CBACRO SERVICIOS S.A. DE C.V.,Edo. Méx.​
Analista Soporte Operaciones Vuelo,,Volaris,CDMX
Ingeniero en sistemas especiales,,R I C E S,Edo. Méx.​
MGR I Quality Control - Molding,,,Son.
Ingeniero Ventas Técnicas,,URANY SA DE CV,Qro.
(CJZ) INGENIERO DE SOPORTE,,TVCENLINEA.COM SA DE CV,Chih.
"Ingeniero EHS, SHE, Seguridad e Higiene",,,Mor.
Analista de costos y presupuestos,,INDUSTRIAS DCBS SA DE CV,CDMX
Especialista Jr. Datos,,AXA,CDMX
Senior Data Engineer,,TRS Staffing Solutions,Qro.
Master Data Planner,,,Ciudad de México
Ingeniero de Pruebas Jr.,,,N.L.
COORDINADOR ACADEMICO INGENIERIAS Y TI,,,N.L.
Ingeniero de desarrollo completo,,ADMINISTRACION DE ESTACIONES DE SE...,N.L.
Ingeniero de soporte técnico,,"Grupo Posadas, S.A.B. de C.V.",Mich.
Especialista regulatorio y de normatividad/ Inglés Avanzado,,Sucess Factory,CDMX
Ingeniero en digitalización de procesos,,Worken,Jal.
Ingeniero agrónomo,"$8,500  Mensual",Prestadora de Servicios Profesiona...,Chis.
Ingeniero(a) de Sistemas de Información,"$20,000 - $25,000  Mensual",Sanmina SCI,Jal.
Desarrollador .Net Sr - Front End,,Softtek,Ciudad de México
Desarrollador de software,,OPERADORA FUTURAMA SA DE CV,Chih.
Ingeniero de soporte técnico,"$8,832 - $8,900  Mensual",,Edo. Méx.​
Ingeniero Técnico Servicio Postventa (empresa sueca),,,Jal.
Director de Data center,,PAE DESARROLLADOR EMPRESARIAL DE L...,Ciudad de México
Ingeniero de Calidad MP,,Rafypak,Edo. Méx.​
Ingeniero de aplicaciones BPM BAW,,Banorte,CDMX
Técnico de Servicio Retail en Guerrero,,,Gro.
Coordinador de Mejora Continua,,Intugo,Son.
INGENIERO EN SISTEMAS,,,N.L.
Ingeniero de Sistemas de Información,,Sanmina SCI,Jal.
Software Engineer (PLM),,"DAM Y COMPAÑÍA, S.A. DE C.V.",Coah.
Jefe de TI,,,Son.
Ingeniero de mejora continua,,PACIFICO AQUACULTURE S.A.P.I. DE C...,BC.
Ingeniero Software Soporte de Aplicaciones,,DATAWARE,Qro.
Ingeniero de investigación y desarrollo,,"Kayaku Safety Systems de México, S...",N.L.
CONSULTOR DE INCIDENCIAS // ORACLE SQL,,Banorte,CDMX
Ingeniero de sistemas,,Reliable de México SA de CV,CDMX
Jr Network Support Engineer,"$17,000 - $20,400  Mensual",Teleperformance,N.L.
Software Engineer .NET,"$30,000 - $40,000  Mensual",AUTOCLAIMS SERVICIOS SA DE CV,CDMX
Data Engineer,,UVI TECH SAPI DE CV,Ciudad de México
Data engineer,,"SAFRAN MDS, SA DE CV",Qro.
Data engineer,"$60,000 - $65,000  Mensual",Cuarto Origen S. de R.L. de C.V.,México
Data engineer,,"Porto Mx, S.A de C.V.",Jal.
Data Engineer,,,Qro.
Data engineer,,IDS Comercial,Ciudad de México
Data engineer,,TALENTO STARTUP SAPI DE CV,México
Data engineer,,COGNIZANT TECHNOLOGY SOLUTIONS DE ...,Jal.
DATA ENGINEER,,All Settings S.A. de C.V.,Ciudad de México
Data engineer,,Latin America Business Consulting ...,México
Data engineer,,Mobile Apps Enterprises LLC,Jal.
Data engineer,,Adecco,México
Data Engineer,,Michael Page,N.L.
Data engineer,,CREDICLUB SA DE CV SOCIEDAD FINANC...,N.L.
Data engineer,,DEREVO S.A. DE C.V.,Jal.
Data engineer,,Kutir Corporation,México
Data engineer,,,Ciudad de México
Data Engineer,,,México
Data engineer,,"Accenture, S.C.",N.L.
Data engineer,,Matersys Group,Ciudad de México
Data engineer,"$25,000 - $30,000  Mensual",Auto Zone,N.L.
Staff Data Engineer,"$50,000 - $70,000  Mensual","Manpower, S.A. de C.V.",Ciudad de México
Data Engineer- Bilingüe,"$50,000 - $57,000  Mensual",IDS Comercial,Ciudad de México
Big Data Engineer,"$65,000 - $70,000  Mensual",,Ciudad de México
Senior Data Engineer,,TRS Staffing Solutions,Qro.
Data Engineer /.NET,,PRUTECH SOLUTIONS S.R.L. de C.V,Ciudad de México
Data Engineer BI,,"Manpower, S.A. de C.V.",México
Azzure Data Engineer,,"AZKA IT CONSULTING, SA DE CV",CDMX
Lead Data Engineer,,Randstad,Ciudad de México
Sr Data Engineer,,RISE INTERACTIVE MEDIA ANALYTICS LLC,Ciudad de México
Data Engineer 2,,Oracle de México..,Jal.
Data Engineer 1,,Oracle de México..,Jal.
Data Analyst / Data Engineer,,Mobile Apps Enterprises LLC,Gto.
Big Data engineer - Pyspark,,Tata Consultancy Services,Jal.
Data Engineer (Google Cloud),,"Shore Executive Search, SA de CV",México
Data engineer / Ingles avanzado,,Sistemes Integrats Cortés I Associ...,México
Python Developer - Data Engineer,,ATCON ESTRATEGICOS S.C.,México
GCP Cloud Data Engineer,,"Shore Executive Search, SA de CV",Ciudad de México
Data Engineer Semi Sr,,"Manpower, S.A. de C.V.",México
Data Engineer BI Sr.,,"Manpower, S.A. de C.V.",México
Big Data Engineer Jr,"$25,000 - $27,000  Mensual",IDS Comercial,Ciudad de México
Data Engineer (Ingles Avanzado),"$55,000 - $60,000  Mensual",Alia,Ciudad de México
Data Integration Engineer,,CPI AIM de México,Ciudad de México
Data Test Engineer,,THINK FUTURE TECHNOLOGIES SA DE CV,Jal.
Data Integration Engineer,,,Ciudad de México
Data Customer Engineer,,,México
SS- Senior Big Data Engineer,,Page Personnel,Jal.
Quality Data Engineer - QA Automation,,Oracle de México..,Jal.
Bilingual Big Data Engineer (remote),,Mobile Apps Enterprises LLC,N.L.
Data Engineer for System Validation,,Intel..,Jal.
Consultor Senior Data & Analytics / (Azure Data Engineer,,InterWare,Ciudad de México
Data Engineer Cloud Bilingüe - Home Office,,Dresden Partners,CDMX
"Data Engineer, Delivery Center, Google Cloud",,Google..,Chihuahua
Cloud Data Engineer – Senior Solution Specialist,,"Servicios de Outsourcing, Head Hun...",Querétaro
L3 Data Network Engineer,,GEMINET SA DE CV,México
Ingeniero de datos Jr - Python - Data Engineer jr,,Alia,CDMX
"Customer Engineer, Data Management",,Google..,Ciudad de México
Data Cleaner / Analyst / Engineer,,DEALERSHIP PERFORMANCE 360,Ciudad de México
Data Cleaner / Analyst / Engineer,,DEALERSHIP PERFORMANCE 360,N.L.
Data Cleaner / Analyst / Engineer,,DEALERSHIP PERFORMANCE 360,BCS.
Data Cleaner / Analyst / Engineer,,DEALERSHIP PERFORMANCE 360,Ciudad de México
Data Cleaner / Analyst / Engineer,,DEALERSHIP PERFORMANCE 360,N.L.
Azure Engineer Data(Remoto),,"Internacional de Sistemas, S.A. De...",Ciudad de México
Data Operations Engineer - Applications Developer,,Oracle de México..,Jal.
SR DATA BASE ENGINEER (INGLÉS AVANZADO),,AUTOCLAIMS SERVICIOS SA DE CV,Ciudad de México
Data Scientist Engineer Recien JUNIOR/Recien Egresado,,Kelly Services,Jal.
Jr. Data Science (Machine Learning Engineer),,Mobile Apps Enterprises LLC,México
Support Engineer - Azure Data Factory (ADF),,Microsoft..,Ciudad de México
"Software Engineer Data (Ciudad de México, Miguel Hidalgo)",,BBVA Bancomer,Ciudad de México
Senior Customer Engineer - Mission Critical - Azure Data,,Microsoft..,Ciudad de México
Big Data Analyst,,Mobile Apps Enterprises LLC,México
Consultor data warehouse jr,,"SSBCC México, S. de R.L. de C.V.",BC.
Data Analytics,,Loréal México,México
Data Analyst,,"Deacero, S.A. de C.V.",N.L.
Desarrollador IPC,,AXA,CDMX
Data Scientist for Financing (Machine Learning),,UVI TECH SAPI DE CV,México
Data Scientist for Pricing(Machine Learning),,UVI TECH SAPI DE CV,México
Software Developer 3,,Oracle de México..,Jal.
Full Stack Engineer,,,Ciudad de México
Machine Learning Engineer,,UVI TECH SAPI DE CV,México
"Cyber Security Architect - ATLANTA, USA","$140,000 - $150,000  Mensual",Mobile Apps Enterprises LLC,
Site Reliability Engineer,,ATOS GLOBAL DELIVERY CENTER  MEXIC...,México
Salesforce Software Engineer (Marketing Cloud),,UVI TECH SAPI DE CV,México
Desarrollador BI/ETL/BIgdata (Trainee/junior),,"Stefanini México, S.A. de C.V.",Ciudad de México
Machine Learning Engineer,,UVI TECH SAPI DE CV,Ciudad de México
Desarrollador java,,TechBridgeIT,Jal.
Senior QA Engineer,,Ria México Solution S de RL de CV,Qro.
API Security Engineer,,ATOS GLOBAL DELIVERY CENTER  MEXIC...,Ciudad de México
DevOps & Cloud Platform Engineer,,Loréal México,México
AWS Security Engineer,,ZURICH ASEGURADORA MEXICANA SA DE CV,Ciudad de México
Software test engineer,,Softtek,N.L.
Database Software Engineer,,UVI TECH SAPI DE CV,Ciudad de México
Information Delivery & Visualization Engineer,,"Shore Executive Search, SA de CV",Ciudad de México
Senior Supplier Quality and Development Engineer,,REXNORD MONTERREY S DE  RL DE CV,N.L.
Ingeniero de Calidad,,ITS INNOVATIVE TECHNICAL STAFFING,Gto.
Network Security Engineer,,OFGMX,Ciudad de México
Salesforce Engineer,,"Shore Executive Search, SA de CV",Ciudad de México
Senior software engineer,,,Jal.
Student / Intern,,Oracle de México..,Jal.
Senior Cloud Application Developer,,Oracle de México..,Jal.
Oracle Fusion Financial Technical Support Engineer,,Oracle de México..,Jal.
"Especialista en Reclutamiento, Ingles Fluido","$23,000 - $26,000  Mensual",INFORMATICA ALTAIR MEXICO S. DE R....,Ciudad de México
Ingeniero de soporte técnico bilingüe,"$30,000  Mensual",,Qro.
Senior Cloud Systems Engineer,,Oracle de México..,Jal.
Desarrollador Web Front End,"$28,000 - $36,000  Mensual",INFORMATICA ALTAIR MEXICO S. DE R....,Ciudad de México
Project engineer,,Connor Metal Stamping mexico SA de...,N.L.
Full Stack Engineer,,Quintiles México.,Ciudad de México
Embedded software engineer,,PAE DESARROLLADOR EMPRESARIAL DE L...,N.L.
Software developer - Software Engineer,,"Lenovo Centro Tecnológico, S. de R...",N.L.
material analyst engineer,,"Robert Bosch, S.A. de C.V.",Ciudad de México
College Software Developer 2,,Oracle de México..,Jal.
Senior. NET Developer,,AUTOCLAIMS SERVICIOS SA DE CV,CDMX
Manufacturing Engineer,,YANFENG SEATING MEXICO SA DE CV,N.L.
Security Development Engineer,,Oracle de México..,Jal.
Software Engineer .NET,,AUTOCLAIMS SERVICIOS SA DE CV,CDMX
Sr. QA Automation Engineer,,Oracle de México..,Jal.
Desarrollador .Net Senior,,AUTOCLAIMS SERVICIOS SA DE CV,Ciudad de México
Software Development Snr Manager,,Oracle de México..,Jal.
Network Engineer,,Ria México Solution S de RL de CV,Qro.
Project engineer,,MINTH MEXICO COATINGS,Ags.
Maintenance Engineer,,YANFENG SEATING MEXICO SA DE CV,N.L.
SR R&D/PRODUCT DVL ENGINEER,,,Edo. Méx.​
API Test Automation Engineer,,SERVICIO S INTEGRALES DE CALL CENT...,Ags.
Software integration engineer,"$28,000 - $35,000  Mensual",Edicomunicaciones México S.A de CV,Ciudad de México
Senior Fullstack Software Engineer,,Michael Page,México
Machine Learning Engineer,,Boomsourcing Mexico,Jal.
Jr Front End Developer,,IBM de México,Jal.
Packaging engineer,,MINTH MEXICO COATINGS,Ags.
Power BI Visualization on cloud-Lead,,Michael Page,Estado de México
Ingeniero de calidad,,Optimas OE Solutions LTDA S de RL ...,N.L.
Salesforce Business Analyst and Administrator,,Productos Rich's,CDMX
Software Engineer,,,Jal.
QA Engineer - 100% Remoto,,ADVANCIO S.A. DE C.V.,Estado de México
Quality engineer,,,N.L.
Front End React Developer - 100% Remoto,,ADVANCIO S.A. DE C.V.,Quintana Roo
Front End Developer - 100% Remoto,,ADVANCIO S.A. DE C.V.,San Luis Potosí
It Recruiter,,,N.L.
Office 365 Engineer,,Mobile Apps Enterprises LLC,México
Linux Software Systems Applications Engineer,,Intel..,Jal.
Jr Software Developer,,IBM de México,Jal.
Big Data Developer,"$75,000 - $80,000  Mensual",,Ciudad de México
SR Fullstack Engineer (.NET),,Charger Logistics S DE RL DE CV,Querétaro
QA Automation,"$55,000 - $65,000  Mensual",Enterprise Solutions Inc,México
trade compliance analyst I,,Randstad,Chih.
Sr BI (Business Intelligence) Engineer,,Charger Logistics S DE RL DE CV,N.L.
SR Fullstack Engineer (.NET),,Charger Logistics S DE RL DE CV,N.L.
Senior Designer,,Microsoft..,Ciudad de México
Sr Associate Brand Manager Drink,,HERSHEY,Jal.
Principal Cloud Developer,,Oracle de México..,Jal.
Jr Manufacturing engineer (2nd shift),,Eaton Corporation,BC.
SR Fullstack Engineer (.NET),,Charger Logistics S DE RL DE CV,Ciudad de México
Network Development Engineer,,Oracle de México..,Jal.
Sr. Automation Engineer,,Oracle de México..,Jal.
Sr Java Developer,,Oracle de México..,Jal.
Sr. JavaScript Developer,,Oracle de México..,Jal.
JavaScript Developer Lead,,Oracle de México..,Jal.
Operations Leader DBA for Cloud and on Premise systems,,Oracle de México..,Ver.
"Senior Application Engineer, Java SQL PL/SQL",,Oracle de México..,Jal.
Site Reliability Developer 2,,Oracle de México..,Jal.
JR Java Full Stack Developer,,Oracle de México..,Jal.
Principal Application Developer,,Oracle de México..,Jal.
Senior Apps Developer - Full Stack,,Oracle de México..,Jal.
Product Manager/Strategy 3-ProdDev,,Oracle de México..,Jal.
Sr Network Engineer,,TECHNORLY SA DE CV,Jal.
Ingeniero de pruebas de software,"$60,000 - $65,000  Mensual"," Ejecucion Analisis, Diseno y Desa...",CDMX
Quality Engineer (Motors & Plastic Injection),,Franklin Electric,N.L.
Full Stack Developer / Frontend / React,,,Jal.
Technical Solution Architect,,"Infosys Technologies, S. de R.L. d...",Estado de México
QA Test Engineer,,"Inflection Point, S.A. de C.V.",N.L.
Ingeniero civil,,Faithful and Gould Mexico,Querétaro
Business Intelligence Engineer,,Thales Security Solutions Services,Mor.
DevOps engineer,,SEGURITECH ADMINISTRACION SA DE CV,CDMX
Sr. Automation Engineer,,"NORALOGIC, S. DE R.L. DE C.V.",México
VoIP/UC/Voice Engineer Enterprise,,Banamex,CDMX
Quality Engineer (Fixed-Term Contract),,Stryker..,BC.
PDM Administrator Intern,,Intel..,Jal.
"Senior Engineering Manager, Google for Education",,Google..,Ciudad de México
Supply Chain Engineer P1,,"Toledo Molding de México, S de RL ...",Qro.
Project Engineer Trainee,,Thales Security Solutions Services,Mor.
Estimador acero estructural,,,Qro.
Web Analytics Specialist,,,México
Senior Backend Developer/ Nodejs,,,Ciudad de México
Site Reliability Engineer,"$50,000 - $60,000  Mensual","NORALOGIC, S. DE R.L. DE C.V.",México
Controls Engineer,,Mexcentrix,Gto.
Supply Chain PTM,,Valeo Sistemas Electricos SA de CV,Edo. Méx.​
Stellantis- Durability Loads Analysis - Virtual Analysis Eng,,"RightThing, LLC",CDMX
Research & Design Engineer,,Shelf Service Company #1,N.L.
VDI Citrix Sr Engineer,,Teleperformance,Jal.
VDI Citrix Sr Engineer,,Teleperformance,N.L.
UI Developer,,HERBALIFE NUTRITION,Jal.
Field Specialist IV Direccional,,,Camp.
Tooling Engineer,,FLEX-N-GATE HERMOSILLO S. de R.L d...,Guanajuato
Quality engineer,,HERBALIFE NUTRITION,Jal.
VDI Citrix Sr Engineer,,Teleperformance,Ciudad de México
Software engineer,,Valce Talent Solutions,México
Technical Support Engineer - VoLTE Lab Specialist,,Microsoft..,Ciudad de México
"Sr Full Stack Developer (Java, React) - Public Safety IT",,Truelogic Software LLC,México
Full-Stack Engineer (Java + React) – Enterprise cloud platform,,Truelogic Software LLC,México
Senior Software Engineer (Ruby & React) - Clean Energy provider,,Truelogic Software LLC,México
HR SOLUTIONS PARTNER II,,,BC.
Analista de Inteligencia de Negocios Jr,,SOLUCION Y DINAMISMO GENERAL ADMIN...,México
Analista de inteligencia de negocios,"$22,500  Mensual",OPERADORA ALKROU 1 SA DE CV,Q. Roo
Analista contable,,FREEDOM TO SCALE SA DE CV,Ciudad de México
Analista pricing,"$22,000  Mensual",Grupo Nacional Provincial,CDMX
Analista de Negocios,,"PROFESIONALES, ASESORES CORPORATIV...",Edo. Méx.​
Analista de datos,,CENTRO DE TELECOMUNICACIONES Y PUB...,SLP.
Analista de productividad,,,CDMX
Analista BI Jr,,SOLUCION Y DINAMISMO GENERAL ADMIN...,México
Analista de personalización digital,,PopUP Design S de RL de CV,Ciudad de México
Analista de Medios Digitales,,"Herdez, S.A. de C.V.",Edo. Méx.​
Analista Mesa de Control,,,Ciudad de México
HELPDESK TI BILINGUE,,Banorte,CDMX
Analista de auditoría interna,,Banorte,N.L.
"TESTER JR ($13,600)",,MAVI DE OCCIDENTE SA DE CV,Jal.
ANALISTA DE SISTEMAS,,Dportenis,Sin.
Analista de pruebas tester,,everis,Gto.
Analista de sistemas de negocios,,Grainger S.A. De C.V.,N.L.
Officer Compliance / Policy & Regulatory Coordination,,Banamex,Ciudad de México
Analista de Mercadotecnia,,GIGANTE GRUPO INMOBILIARIO,Edo. Méx.​
Analista de Contabilidad,,GIGANTE GRUPO INMOBILIARIO,CDMX
Administrador de ventas,,Consorcio Industrial Valsa,Edo. Méx.​
Analista de reclutamiento y selección,,OPERACION TIMON S DE RL DE CV,N.L.
COORDINADOR DE SISTEMAS.,,CONSTRUCTORA FINCASIN SA DE CV,Sin.
Analista de Desarrollo de Nuevos Productos,,Sigma Alimentos,N.L.
ANALISTA Comercial - Oficina Comercial de SEGUROS (Centro),,"MAPFRE México, S.A",CDMX
Data science,,PLAMI SA DE CV,Edo. Méx.​
Analista de Gastos,,Ernst & Young,Ciudad de México
Desarrollador de Incidentes Productivos,,Banamex,CDMX
Analista Sr de Logística,,PAE DESARROLLADOR EMPRESARIAL DE L...,Ciudad de México
Analista de sistemas,,,Chih.
Operador Analista,,"VANGENT MEXICO, SA DE CV",CDMX
Analista de Nómina | Con Experiencia,,Pentafon,CDMX
"Analista QA | Call Center, Con Experiencia",,Pentafon,CDMX
Analista financiero / Contabilidad,,MTI CONSULTORIA,Querétaro
Analista de Atracción de Talento,,,Jal.
Analista de sistemas,,Banorte,CDMX
Analista de Marketing,,Servicios Especializados en Recurs...,N.L.
ANALISTA DE NOMINA,,C&A MEXICO S DE RL,Jalisco
Business analyst,,Te creemos Administración y Servic...,CDMX
Bussines analyst,,Te creemos Administración y Servic...,CDMX
Desarrollador Phyton,,Kopar,N.L.
Desarrollador Power BI,,Kopar,N.L.
Analista IT/ Banca Mayorista,"$25,000 - $25,700  Mensual",Banorte,CDMX
Analista funcional,,SPOT IT CONSULTING S DE RL DE CV,CDMX
ANALISTA DE PLANEACION FINANCIERA,,"Servicios de Contraloría, Administ...",CDMX
Analista de costos,,,CDMX
Analista de Informacion,,FIRST HOME SOLUTIONS  SAPI de CV,CDMX
Analista de costos,,,Qro.
Business analyst,,Te creemos Administración y Servic...,México
Business analyst,,Te creemos Administración y Servic...,México
Analista de datos y procesos/Lunes-Viernes/Prestaciones,,"Computación, Datos y Tecnología, S...",Edo. Méx.​
"Analista de Créditos Auto (Ciudad de México, Miguel Hidalgo)",,BBVA Bancomer,Ciudad de México
Analista de negocios,,M&C CONSULTORIA EN CAPITAL HUMANO SC,CDMX
Analista mesa de control,,Banorte,CDMX
ANALISTA DE INGRESOS | P. TOPO CHICO,,DISTRIBUIDORA ARCA CONTINENTAL S D...,N.L.
Ingeniero Analista de Datos,,Linde México,N.L.
ANALISTA BASE DE DATOS PRECIOS,,Grupo Bafar,Chihuahua
Analista de presupuesto,,Grupo Salinas,CDMX
Analista de Categorías,,CRYSTAL EJECUTIVO S.A. DE C.V,CDMX
Analista Lenguajes de Programación / Banca Mayorista,,Banorte,CDMX
Talent & Development Analyst,"$16,000 - $20,000  Mensual",GVC ARQUITECTOS,Jal.
Planeador de Demanda Retail Jr.,"$13,000 - $16,000  Mensual",Price Shoes,CDMX
Analista de sistemas,"$13,000 - $16,000  Mensual",DICALSI SA DE CV,Sin.
ANALISTA PRESUPUESTO,"$15,000 - $17,000  Mensual",INVEX GRUPO FINANCIERO,CDMX
Analista de flota,"$12,000 - $14,000  Mensual",Grupo Peñafiel,Edo. Méx.​
Analista de procesos QA,"$13,000 - $15,000  Mensual",Atracción de Consultores S.C.,CDMX
Analista de gobierno de datos,,Grupo Salinas,CDMX
ANALISTA DE RESERVAS-AJUSCO,,Qualitas Compañía de Seguros,CDMX
Analista financiero,,Virbac Mexico SA de CV,Jal.
Director Médico,,LUMINAMED,Edo. Méx.​
Analista Sr - Análisis de créditos empresariales,,BanCoppel,Sin.
Analista de información financiera,,,N.L.
Analista Programador Spring,,,Ciudad de México
ANALISTA DIGITAL,,DESARROLLOS DE VIVIENDA SUSTENTABL...,Yuc.
Business analyst,,Grupo Alnus S.A. de C.V.,Nuevo León
ANALISTA BANCA DIGITAL PERSONAS,,Banorte,N.L.
Analista de Fianzas,,,Ciudad de México
SUPERVISOR/A DE VENTAS AL DETALLE,,Pepsico División Foods,Gto.
Analista Sr Desarrollo de Producto,,Banamex,CDMX
Analista TI,,EASTMAN LAR DISTRIBUCION S DE CV,Tlax.
Analista de facturación (Inglés avanzado),"$20,000 - $25,000  Mensual",Intertek Testing Services de Méxic...,CDMX
Analista de publicidad,"$3,000 - $7,000  Mensual",Phase Gente SA de CV,Ver.
DATA ANALYST,"$42,000  Mensual","Banco Actinver, S.A, Institución d...",CDMX
Analista de evaluación de alertas,,,N.L.
Analista Contable,,GM Capital,N.L.
Analista de TI,,Planet Media,CDMX
Analista Datos Maestros,,Consultoría Internacional en Servi...,Aguascalientes
Auditor Jr (Analista Contable),,"Viajes el Corte Inglés, S.A. de C.V.",CDMX
ESPECIALISTA COMERCIAL,,CADECO,N.L.
Analista de datos y procesos,,AXA,Ciudad de México
Analista crm,,PAE DESARROLLADOR EMPRESARIAL DE L...,Jal.
IT Business Snr Analyst,,Banamex,CDMX
Analista de bases de datos (sql) JR,,"Compartamos Servicios, S.A. de C.V.",Ciudad de México
ANALISTA DE PRUEBAS TI,,DIMEX CAPITAL,N.L.
Ingeniero mejora continua,,Grupo Salinas,CDMX
Analista de Visualización de datos,,Grupo Salinas,Ciudad de México
Analista funcional,,,N.L.
Analista crm,,Ernst & Young,Ciudad de México
Analista administrativo de servicio técnico,,Hitec de México,Edo. Méx.​
Analista Desarrollador Senior en API REST y NodeJS,,Lumina Software S.A. de C.V.,N.L.
Analista de Compensaciones,"$15,000  Mensual","Autofin, S.A.",CDMX
Analista Jr de Soporte de Aplicaciones,,SKANDIA OPERADORA DE FONDOS SA DE ...,CDMX
Analista financiero,"$20,000 - $25,000  Mensual",,Jal.
Analista control de accesos seguridad.,"$22,000 - $25,000  Mensual",Banorte,Qro.
Analista de Central de Alerta / Temporal por maternidad,,Sigma Alimentos,N.L.
ANALISTA O SUBJERENTE SR EN PLANEACION FINANCIERA,,,Ciudad de México
Analista Inmobiliarios y Pagos Hipotecarios,,Santander,Querétaro
Analista de compensaciones y beneficios,,"TRACTEBEL SERVICIOS, S.A. DE C.V.",Ciudad de México
Coordinador de comunicación interna,,RH HABILIDADES INTEGRALES DE PERSO...,BC.
Analista de negocios,,VASS CONSULTORIA SISTEMAS ESPAÑA,Ciudad de México
ANALISTA Comercial - Oficina Comercial de SEGUROS (Polanco),,"MAPFRE México, S.A",CDMX
AUXILIAR ADMINISTRATIVO VACANTE PARA PERSONAS CON DISCAPACID,,Grupo Nacional Provincial,BC.
Analista de campo,,Intertek Testing Services de Méxic...,BC.
Analista de Pricing,,TALENT DEVELOPMENT CONSULTING HH SC,Edo. Méx.​
ANALISTA DE NEGOCIOS,,OPERADORA MERCO S.A.P.I de C.V.,N.L.
Analista Ejecutivo de Pruebas(Tester Jr),,Randstad,CDMX
Programador de rutas logísticas,,,N.L.
Analista de Soporte de Sistemas,,GRUPO NYCE,CDMX
Analista de soporte,,,CDMX
Analista de sistemas,,"AZULEJOS Y COMPLEMENTOS, S.A. DE C...",Jal.
Analista de afiliaciones,"$13,000 - $14,000  Mensual",,BC.
Ingeniero de Datos ETL - Tlalpan,"$30,000 - $40,000  Mensual",,CDMX
Business Analyst // Analista de Negocios,,Lease This SA de CV,CDMX
Analista técnico Bilingüe,"$35,000 - $45,000  Mensual","Techedge System Consulting México,...",Ciudad de México
Analista Perfiles,,Femsa,N.L.
Asesor comercial senior,"$20,000 - $22,000  Mensual",AIR SEA CARGO,Jal.
TRAINEE BI,,Sky,CDMX
Analista de Marketing e commerce,,,Edo. Méx.​
Analista de sistemas,,Infotec Centro de Investigación e ...,Ciudad de México
TESTER / EXAMINADOR,,MAVI DE OCCIDENTE SA DE CV,Jal.
Analista de Datos manejo de R,,Price Shoes,CDMX
Analista Wintel,,COMERCIALIZADORA ALMACENES GARCIA ...,CDMX
Analista de automatización de proceso RPA,,Dirwa S.A. de C.V.,Ciudad de México
Quality Analyst for Call Center,,HR ELEMENT,N.L.
Analista Financiero Sr. (Especialista en búsqueda de Fondeo),,,CDMX
"Associate M&A, Investment Banking (Ciudad de México, Cua",,BBVA Bancomer,CDMX
Analista de información (minería de datos),,Crédito Real,CDMX
Analista de riesgos crediticios,,Price Shoes,CDMX
Analista de impuestos,,"Conagra Foods México, S.A. de C.V.",CDMX
Analista de control de producción,,,Son.
ANALISTA DE PROCESOS,"$9,000  Mensual",Tecnología Especializada Asociada ...,CDMX
Analista de datos financieros,,GIOVANI PROPUESTAS Y PROYECTOS ADM...,Ciudad de México
Analista de Pricing,,,Edo. Méx.​
Analista de cartera (Estudiantes),"$7,000 - $9,000  Mensual",Profuturo GNP,Ciudad de México
Analista de costos e inventarios,"$12,000 - $16,000  Mensual",,Chih.
Control Interno y Proyectos Administrativos,,CONGELADORA Y EMPACADORA NACIONAL ...,Gto.
Analista de sistemas,,RADEC SA DE CV,Jal.
Consultor SAP BW HANA,,Getecsa,N.L.
Data Analytics Sr/Ssr,,,México
Tester QA Automation Selenium Home Office,,ReclutamientoIT,CDMX
Analista Suscripción,,Grupo Nacional Provincial,Jal.
Investigador y analista de datos,,"Computación, Datos y Tecnología, S...",Edo. Méx.​
Desarrollador WEB Sr,,GENERAL CARRIERS DE MEXICO SA DE CV,Edo. Méx.​
Analista Business Intelligence (BI),,Softtek,Ciudad de México
Analista de cuentas y gestión empresarial de seguros,,,Ciudad de México
GERENTE STAFF,,Grupo Bafar,Qro.
Analista de sistemas,,,Chih.
Analista contable,,ONELINK SERVICIOS S.A. DE C.V.,Yuc.
Analista de base de datos SQL Server,,Enlaces y Comunicaciones Avanzadas...,CDMX
Analista retail & CPFR,,,Ciudad de México
Business Analyst,"$12,000 - $17,000  Mensual",Consultoría Internacional en Servi...,Ags.
BUSINESS ANALYST,,ZURICH ASEGURADORA MEXICANA SA DE CV,Ciudad de México
Business analyst,"$30,000 - $32,000  Mensual",ECOSISTEMEX S. DE R.L. DE C.V.,Ciudad de México
Business analyst,,"Gonet, S.A. de C.V.",CDMX
BUSINESS ANALYST TI,,CPI AIM de México,Ciudad de México
Business analyst,,"Stefanini México, S.A. de C.V.",Ciudad de México
Business Analyst,,Softtek,Ciudad de México
Business analyst,,North American Production Sharing ...,BC.
Business analyst,,"T & N DE MEXICO, S de RL de CV",Edo. Méx.​
Business analyst,,Te creemos Administración y Servic...,CDMX
Business analyst,,Te creemos Administración y Servic...,México
Business analyst,,Te creemos Administración y Servic...,México
Business analyst,,Praxis,Ciudad de México
Business analyst,,Tech Mahindra,Ciudad de México
Business analyst,,ECOSISTEMEX S. DE R.L. DE C.V.,Ciudad de México
Business analyst,,,Ciudad de México
Business analyst,,"Gonet, S.A. de C.V.",Ciudad de México
Business analyst,,Softtek,Ciudad de México
Business analyst,,,México
Business Analyst,,PopUP Design S de RL de CV,CDMX
Business Analyst,"$30,000 - $38,000  Mensual",PopUP Design S de RL de CV,CDMX
Business Analyst,"$30,000 - $35,000  Mensual",PRUTECH SOLUTIONS S.R.L. de C.V,Ciudad de México
Business analyst,,Getecsa,N.L.
Business analyst,"$45,000 - $50,000  Mensual","Stefanini México, S.A. de C.V.",Ciudad de México
Business Analyst,,everis,CDMX
BUSINESS ANALYST,,Banca Mifel,Edo. Méx.​
Business Analyst,,Diageo México,Jal.
Business Analyst,,,México
Business analyst,,Grupo Alnus S.A. de C.V.,Nuevo León
Business Analyst,,Page Personnel,México
Business analyst,,Tata Consultancy Services,Jal.
Business Analyst,,,CDMX
Business analyst,,,CDMX
Business analyst,,METACORAL SC,México
Business Analyst,,Charger Logistics S DE RL DE CV,N.L.
Business Analyst,,IBM de México,México
Business analyst,,InterWare,CDMX
Business Analyst,,Hitss,CDMX
Business analyst,,"Stefanini México, S.A. de C.V.",Ciudad de México
Business Analyst,,ECOSISTEMEX S. DE R.L. DE C.V.,Ciudad de México
Business analyst,"$30,000 - $32,000  Mensual","Servicios Edenred, S.A. de C.V.",CDMX
Business Analyst,"$35,000 - $40,000  Mensual",Docsolutions de México,Edo. Méx.​
Business analyst,"$35,000 - $45,000  Mensual","Accenture, S.C.",Yuc.
Business Analyst,,DIGITAL ONUS S DE RL DE CV,México
Business analyst,,Te creemos Administración y Servic...,Ciudad de México
Business analyst,,"Biz Pro de México, S.A. de C.V.",Ciudad de México
Business analyst,,,Ciudad de México
Business Analyst,,VENTUS TECHNOLOGY,N.L.
It business analyst,,KPMG TECHNOLOGY SERVICES AMERICAS ...,CDMX
IT Business Analyst,,Michael Page,México
Business Analyst Jr.,,MTI CONSULTORIA,Qro.
Business Analyst Bilingüe,,Softtek,Ciudad de México
SCS Business Analyst,,,N.L.
BUSINESS ANALYST JR,,Strat Plus,Ciudad de México
Business Analyst- Bilingüe,,"Biz Pro de México, S.A. de C.V.",Ciudad de México
Sr Business Analyst,,Adecco,N.L.
Business Analyst Senior,,"SOLUCIONES INFORTEC, S. de R.L. de...",Ciudad de México
Sr Business Analyst,,Adecco,Ciudad de México
Senior Business Analyst,,"Inflection Point, S.A. de C.V.",N.L.
SAP Business Analyst,,PROWORK,Pue.
Business Analyst/ Jr,"$20,000 - $30,000  Mensual",,Ags.
Business Analyst /Scrum,"$20,000 - $23,000  Mensual",Softtek,Ciudad de México
SAP Business Analyst,,Leoni Wiring Systems de Torreon,Son.
Business analyst sr,,ASTECI,Ciudad de México
Business analyst IT,,"Infotree Servicios México, S.A. de...",Jal.
Business Analyst Jr.,,BRIGGS EQUIPMENT SA DE CV,Edo. Méx.​
Business analyst // Bilingüe,,IDS Comercial,Ciudad de México
:::Business Analyst Jr.:::,,Hitss,Ciudad de México
Practicante Business analyst,,,N.L.
Business Analyst (SalesForce),,Page Personnel,México
DESARROLLADOR Y BUSINESS ANALYST,,,N.L.
Senior Business Analyst,,,N.L.
IT Business Analyst,,Pepsico División Foods,México
Business Analyst Bilingüe,,IDS Comercial,CDMX
IT Business Analyst,,,CDMX
IT Business Analyst,,,Dgo.
Business analyst Tax,,"Steelcase de México, S. de R.L. de...",CDMX
Business analyst Accounting,,"Steelcase de México, S. de R.L. de...",CDMX
Business analyst Bilingue,,,Ciudad de México
Business analyst - bilingüe,,Softtek,Ciudad de México
Business Analyst - Process Analyst,"$25,000 - $30,000  Mensual",MDMG Mi Doctor,N.L.
SAP MM Business Analyst,"$50,000 - $55,000  Mensual","LESAFFRE MEXICO ACC, S DE RL DE CV",Edo. Méx.​
Business Analyst-Manejo de Datos,,,Ciudad de México
IT Sr Business Analyst,"$37,000 - $44,000  Mensual",DHL Express México S.A. de C.V,CDMX
Business Analyst en Gobierno de Datos,,ASTECI,Ciudad de México
Business Analyst / Sector Financiero,,"Manpower, S.A. de C.V.",Jal.
SAP EWM Business Analyst,,Adecco,México
Business Analyst // Analista de Negocios,,Lease This SA de CV,CDMX
Finance Business Analyst - CDMX,,,CDMX
Business Analyst Ingles Avanzado,,everis,CDMX
Business Analyst para administrar proyectos,,,CDMX
Business analyst-IT-Guadalajara,,ASPIRIA,Jal.
Practicante Business Analyst Bilngue,,,N.L.
Product Owner - Business Analyst,,"Infotree Servicios México, S.A. de...",Jal.
Business Analyst 4-Ops,,Oracle de México..,Jal.
Analista de negocio/ Business Analyst,,IDS Comercial,CDMX
Business Analyst (Contractor role),,Oracle de México..,México
Business Analyst 3-Ops,,Oracle de México..,Jal.
Service Now Business Analyst,,"AZKA IT CONSULTING, SA DE CV",CDMX
Process Analyst - Business Analyst -Remoto,,"Internacional de Sistemas, S.A. De...",Ciudad de México
Business Planning Analyst,,"Arrow Components Mexico, S.A. de C...",Jal.
Business Systems Analyst,,F-R Tecnologías de Flujo,Chih.
Business intelligence analyst,,Garrido Licona y Asociados,CDMX
Business Intelligence Analyst,,ADVANCED TECHNOLOGY SERVICES MEXIC...,Nuevo León
Business operations analyst,"$14,000 - $17,000  Mensual","Manpower, S.A. de C.V.",Ciudad de México
Business intelligence analyst,,,México
Business system analyst,,Odoo Technologies S.A. de C.V.,CDMX
Business Intelligence analyst,,Médica Sur,CDMX
Business Intelligence Analyst,,EVO Payments,CDMX
BUSINESS INTELLIGENCE ANALYST,,Telvista,Ciudad de México
BUSINESS INTELLIGENCE ANALYST,,HUMAN TIME SA de CV,Jal.
Business Systems Analyst,,Sanmina SCI,Jal.
Salesforce Business Analyst and Administrator,,Productos Rich's,CDMX
IT Sr Business analyst SAP,,DHL Express México S.A. de C.V,CDMX
Business analyst B2B on Road,,Adecco,Qro.
Solicitamos Business Analyst con experiencia en Data,,"SOLUCIONES INFORTEC, S. de R.L. de...",Ciudad de México
"Business Analyst - Polanco, Ciudad de México",,Kelly Services,CDMX
IT Business Analyst / Advanced English,,,CDMX
Globla Ecommerce Business Analyst Jr,,Donaldson,Ags.
Business analyst (Software) Inglés conversacional,,Hoblic Solutions,Ciudad de México
analyst Business Intelligence,"$17,000 - $20,000  Mensual",INGRAM MICRO MÉXICO,Edo. Méx.​
Data Scientist / Business Analyst Inglés Avanzado,"$50,000 - $60,000  Mensual",TGENIESLLC MEXICO SA DE CV,Ciudad de México
Sr IT Business Analyst English Proficient,,"Infotree Servicios México, S.A. de...",Ciudad de México
TECH RISK/BUSINESS ANALYST (ADVANDED ENGLISH),,"Infotree Servicios México, S.A. de...",Ciudad de México
Business Intelligence Analyst - Contractor,,Oracle de México..,Jal.
IT Business Systems Analyst,,,BC.
IT Business Snr Analyst,,Banamex,CDMX
Business Intelligence Analyst – Tecnología,,Chronos Consulting,CDMX
Sr Business System Analyst,,Randstad,San Luis Potosí
BUSINESS ANALYST - ÁREA COMERCIAL - INGLÉS AVANZADO C1,,Adecco,Edo. Méx.​
It business analyst (Jr. 3+años Exp),,BSD ENTERPRISE GROUP SA DE CV,N.L.
Sr. Procurement Business Intelligence Analyst,,,N.L.
Business process Analyst SAP SD,,"Colgate-Palmolive, S.A. de C.V.",CDMX
Global Pay Plus (GPP) Business Analyst / Advanced English,,"Infotree Servicios México, S.A. de...",Ciudad de México
Sales Support Analyst - Business Development II,,XPO LOGISTICS MANAGED TRANSPORTATI...,CDMX
Product Manager - Business Analyst focusing on Work and Asset Management solutions,,Oracle de México..,Jal.
"Analista de Soluciones Sr / Sr Analyst, IT Business MX",,Kansas City Southern de México S.A...,N.L.
Buisness Analyst Intern,,Intel..,Jal.
Oracle Consultant (ASCP),,,Estado de México
Data analyst,,"SSBCC México, S. de R.L. de C.V.",BC.
Senior Test Analyst (BI),,ZURICH ASEGURADORA MEXICANA SA DE CV,Ciudad de México
Senior Test Analyst (Guidewire),,ZURICH ASEGURADORA MEXICANA SA DE CV,Ciudad de México
Senior Tactical Buying Serivces Analyst,,Conduent de México SA de CV,Son.
SQL Senior Developer,"$25,000 - $26,000  Mensual","SSBCC México, S. de R.L. de C.V.",BC.
SERVICENOW TECHNICAL LEAD,,ZURICH ASEGURADORA MEXICANA SA DE CV,Ciudad de México
Sell Out Analyst,,Loréal México,Ciudad de México
Data Analyst,,"Deacero, S.A. de C.V.",N.L.
Operational Risk Assessments and Testing Analyst,,GM FINANCIAL.,N.L.
Consumer Research Sr Analyst,,UVI TECH SAPI DE CV,Ciudad de México
Senior Test Analyst,,ZURICH ASEGURADORA MEXICANA SA DE CV,Ciudad de México
CMI SR ANALYST,,Loréal México,México
Data Analytics,,Loréal México,México
Test Analyst,,ZURICH ASEGURADORA MEXICANA SA DE CV,Ciudad de México
Soporte de aplicaciones Oracle,,MTI CONSULTORIA,Qro.
Purchasing Analyst,,,N.L.
Tax Executive,,British American Tobacco México,N.L.
Change and Problem Analyst,,Teleperformance,Ciudad de México
Change and Problem Analyst,,Teleperformance,N.L.
Import-export Analyst (Portuguese & English),,"Infosys Technologies, S. de R.L. d...",N.L.
Import-export Analyst (French & English),,"Infosys Technologies, S. de R.L. d...",N.L.
Techno Functional Oracle HCM Analyst,,Oracle de México..,Jal.
Analista de gastos de viaje,,,Qro.
Materials Sr Analyst (Focused on Customer Service),,ALTEC ELECTRONICA CHIHUAHUA,Chih.
SERVICENOW REPORTING ANALYST,,ZURICH ASEGURADORA MEXICANA SA DE CV,Ciudad de México
Talent Acquisition Analyst,,,N.L.
Junior Accounts Payable Analyst,,Kelly Services,CDMX
Programmer Analyst 2-IT,,Oracle de México..,Jal.
Sr QA Analyst,,Oracle de México..,Jal.
product controller cost analyst,,"Robert Bosch, S.A. de C.V.",Ciudad de México
Accounts Payable Analyst,,Charger Logistics S DE RL DE CV,N.L.
Product Analyst,,UVI TECH SAPI DE CV,Ciudad de México
Billing analyst,,,N.L.
Cost accountant - Queretaro,,,Guanajuato
Cost accountant - Queretaro,,,San Luis Potosí
IT Technical Support (L1 and L2) - Night Shift,,Charger Logistics S DE RL DE CV,N.L.
Systems analyst,,"Manpower, S.A. de C.V.",
Cyber Security Manager,,BALDESIGNS DE MEXICO SA DE CV,Yuc.
Knowledge Analyst,,Page Personnel,México
PRODUCT OWNER,,Human Quality,N.L.
HR Analyst - Compensation & Performance Management,,Charger Logistics S DE RL DE CV,Qro.
ANALISTA DE NÓMINA / NOMINISTA,"$20,000 - $24,000  Mensual",,Jal.
Accounts payable analyst,,MINTH MEXICO COATINGS,Ags.
HR analyst (Benefits and compensation),"$30,000 - $40,000  Mensual",Golden Kare Ventures SA de CV,Jal.
Operations Analyst,"$36,000 - $40,000  Mensual","Uline, Inc.",BC.
"Trilingual (French, English, Spanish) Product Sales Analyst","$14,000 - $15,000  Mensual",Compucom GSC,CDMX
Finance Director,,"Enrique J. Fernandez, P.A.",México
Financial analyst,,Empresario Individual de Responsab...,N.L.
Collections analyst,,PERFORMANCE COATINGS GROUP GLOBAL ...,Qro.
Analista de Operaciones,,"Uline, Inc.",BC.
Credit and collections analyst,,SOFI DE CHIHUAHUA SA DE CV,Chih.
Data analyst,,,N.L.
"Auxililar Entrenamiento / Rep, Human Resources MX",,Kansas City Southern de México S.A...,Mich.
Billing analyst,,,N.L.
Anslista de Servicio a Clientes / Customer Service Analyst,,Wella Company,Ciudad de México
Treasury Analyst,,Charger Logistics S DE RL DE CV,N.L.
“Bussines Analyst- Analista de Negocio”,,"TEKNEI, SA DE CV",CDMX
Financial Analyst (Recent Graduate),,HERBALIFE NUTRITION,Jal.
IT Systems Analyst,,,Ciudad de México
trade compliance analyst I,,Randstad,Chih.
Analista de negocio,,"Grupo Tecnologías Estratégicas, S....",N.L.
